,Códigodo fundo,Setor,Preço Atual,Liquidez Diária,Dividendo,DividendYield,DY (3M)Acumulado,DY (6M)Acumulado,DY (12M)Acumulado,DY (3M)Média,DY (6M)Média,DY (12M)Média,DY Ano,Variação Preço,Rentab.Período,Rentab.Acumulada,PatrimônioLíq.,VPA,P/VPA,DYPatrimonial,VariaçãoPatrimonial,Rentab. Patr.no Período,Rentab. Patr.Acumulada,VacânciaFísica,VacânciaFinanceira,QuantidadeAtivos
0,,,,,,,,,,,,,,,,,,,,,,,,,,
1,FIVN11,Shoppings,"R$ 2,15",312.0,"R$ 0,00","0,00%","0,00%","0,00%","0,00%","0,00%","0,00%","0,00%",N/A,"0,00%","0,00%","0,00%","R$ 65.678.487,99","R$ 6,98","0,31",N/A,N/A,N/A,N/A,"56,00%",N/A,1
2,BZLI11,Títulos e Val. Mob.,"R$ 14,70",44041.0,"R$ 0,00","0,00%","0,00%","0,00%","0,00%","0,00%","0,00%","0,00%","0,00%","0,68%","0,68%","1,14%","R$ 431.076.817,02","R$ 10,70","1,37",N/A,N/A,N/A,N/A,N/A,N/A,0
3,XTED11,Lajes Corporativas,"R$ 6,02",691.0,"R$ 0,00","0,00%","0,00%","0,00%","0,00%","0,00%","0,00%","0,00%","0,00%","1,10%","1,10%","-37,83%","R$ 27.305.951,24","R$ 13,89","0,43",N/A,N/A,N/A,N/A,"0,00%","100,00%",1
4,ALMI11,Lajes Corporativas,"R$ 901,01",13.0,"R$ 0,00","0,00%","0,00%","0,00%","0,00%","0,00%","0,00%","0,00%","0,00%","2,27%","2,27%","-28,29%","R$ 249.632.973,43","R$ 2.245,37","0,40",N/A,N/A,N/A,N/A,"64,05%",N/A,1
5,PABY11,Híbrido,"R$ 8,50",126.0,"R$ 0,00","0,00%","0,00%","0,00%","0,00%","0,00%","0,00%","0,00%","0,00%","-19,84%","-19,84%","-31,62%","R$ -9.870.075,03","R$ -13,01","-0,65",N/A,N/A,N/A,N/A,N/A,N/A,1
6,ORPD11,Títulos e Val. Mob.,"R$ 93,00",3.0,"R$ 1,38",N/A,N/A,N/A,N/A,N/A,N/A,N/A,N/A,N/A,N/A,N/A,"R$ 43.611.089,33","R$ 150,38","0,62",N/A,N/A,N/A,N/A,N/A,N/A,0
7,FISC11,Lajes Corporativas,"R$ 165,00",200.0,"R$ 0,22","0,00%","0,00%","0,00%","0,00%","0,00%","0,00%","0,00%",N/A,"0,00%","0,00%","0,00%","R$ 194.682.613,92","R$ 114,52","1,44",N/A,N/A,N/A,N/A,N/A,N/A,0
8,NSLU11,Hospital,"R$ 137,12",2970.0,"R$ 1,54","0,76%","2,26%","4,94%","9,49%","0,75%","0,82%","0,79%","0,76%","0,00%","0,76%","0,76%","R$ 238.028.433,66","R$ 207,92","0,66",N/A,N/A,N/A,N/A,"0,00%",N/A,1
9,ATSA11,Shoppings,"R$ 88,70",12.0,"R$ 0,25","0,18%","0,59%","1,30%","2,97%","0,20%","0,22%","0,25%","0,37%","0,74%","0,92%","1,10%","R$ 156.611.749,64","R$ 89,43","0,99",N/A,N/A,N/A,N/A,"21,90%",N/A,1
10,CXTL11,Logística,"R$ 306,00",10.0,"R$ 0,48","0,16%","0,67%","1,29%","0,00%","0,22%","0,22%","0,00%","0,42%","-6,12%","-5,97%","-5,73%","R$ 37.052.587,58","R$ 691,32","0,44",N/A,N/A,N/A,N/A,"61,00%",N/A,3
11,CXCI11,,"R$ 76,62",1221.0,"R$ 0,75","0,96%","0,00%","0,00%","0,00%","0,00%","0,00%","0,00%","1,75%","-11,10%","-10,25%","-9,54%","R$ 200.991.074,86","R$ 97,68","0,78","0,72%","-0,07%","0,65%","0,96%",N/A,N/A,0
12,JSAF11,Títulos e Val. Mob.,"R$ 82,60",1518.0,"R$ 0,93","1,10%","3,30%","0,00%","0,00%","1,10%","0,00%","0,00%","5,48%","-1,05%","0,04%","8,06%","R$ 153.333.807,55","R$ 97,48","0,85","0,95%","-0,29%","0,66%","4,76%",N/A,N/A,0
13,HSLG11,Logística,"R$ 84,21",7411.0,"R$ 0,65","0,75%","2,17%","4,18%","8,00%","0,72%","0,70%","0,67%","3,58%","-3,10%","-2,37%","-0,64%","R$ 1.401.752.936,38","R$ 110,72","0,76","0,59%","-0,08%","0,50%","2,58%","1,10%",N/A,5
14,HSRE11,Híbrido,"R$ 100,00",3.0,"R$ 0,56","0,56%","1,68%","3,68%","7,08%","0,56%","0,61%","0,59%","2,80%","0,00%","0,56%","2,83%","R$ 827.352.123,56","R$ 97,13","1,03","0,58%","0,03%","0,61%","2,83%","0,00%",N/A,29
15,HTMX11,Hotel,"R$ 85,20",1004.0,"R$ 0,00","0,00%","0,80%","2,20%","5,41%","0,27%","0,37%","0,45%","0,80%","-28,14%","-28,14%","-32,26%","R$ 161.857.438,79","R$ 128,76","0,66",N/A,N/A,N/A,N/A,"65,00%",N/A,23
16,GSFI11,Shoppings,"R$ 4,43",13303.0,"R$ 0,00","0,03%","0,03%","0,03%","0,03%","0,01%","0,00%","0,00%","0,03%","0,00%","0,03%","0,03%","R$ 995.889.943,51","R$ 13,24","0,33",N/A,N/A,N/A,N/A,"10,30%",N/A,10
17,NEWU11,Lajes Corporativas,"R$ 32,10",27.0,"R$ 0,00","0,00%","0,00%","0,56%","16,63%","0,00%","0,09%","1,39%","0,61%","-4,04%","-4,04%","-31,62%","R$ 48.127.462,03","R$ 64,86","0,49",N/A,N/A,N/A,N/A,"63,20%",N/A,3
18,PRSV11,Lajes Corporativas,"R$ 104,00",1.0,"R$ 1,62","0,42%","1,53%","2,91%","5,95%","0,51%","0,48%","0,50%","4,46%","5,30%","5,74%","-11,25%","R$ 47.185.757,76","R$ 241,98","0,43",N/A,N/A,N/A,N/A,"40,90%",N/A,2
19,FAMB11B,Lajes Corporativas,"R$ 800,03",13.0,"R$ 9,16","0,56%","2,17%","4,78%","10,43%","0,72%","0,80%","0,87%","8,82%","-47,80%","-47,51%","-47,80%","R$ 325.344.682,76","R$ 3.104,43","0,26",N/A,N/A,N/A,N/A,"100,00%",N/A,1
20,FMOF11,Lajes Corporativas,"R$ 62,00",6.0,"R$ 0,64",N/A,N/A,N/A,N/A,N/A,N/A,N/A,N/A,N/A,N/A,N/A,"R$ 62.419.181,77","R$ 122,87","0,50",N/A,N/A,N/A,N/A,"52,08%",N/A,1
21,HGRS11,Residencial,N/A,N/A,"R$ 0,00","0,00%","0,00%","0,00%","0,00%","0,00%","0,00%","0,00%",N/A,"0,00%","0,00%","0,00%","R$ 106.768.714,01","R$ 89,39",N/A,N/A,N/A,N/A,N/A,N/A,N/A,0
22,KNRE11,Residencial,"R$ 0,93",63024.0,"R$ 0,00","0,00%","0,00%","0,00%","0,00%","0,00%","0,00%","0,00%","0,00%","0,00%","0,00%","0,00%","R$ 22.807.147,50","R$ 1,23","0,76",N/A,N/A,N/A,N/A,N/A,N/A,0
23,RBDS11,Residencial,"R$ 3,78",132.0,"R$ 0,00","0,00%","0,00%","0,00%","0,00%","0,00%","0,00%","0,00%","0,00%","0,00%","0,00%","0,00%","R$ 3.157.024,21","R$ 24,95","0,15",N/A,N/A,N/A,N/A,N/A,N/A,0
24,WTSP11B,Híbrido,"R$ 37,60",17.0,"R$ 0,32","0,76%","2,57%","4,67%","6,85%","0,86%","0,78%","0,57%","0,76%","0,00%","0,76%","0,76%","R$ 79.910.289,95","R$ 80,51","0,47",N/A,N/A,N/A,N/A,N/A,N/A,0
25,OULG11,Outros,"R$ 42,20",1134.0,"R$ 0,17","0,38%","1,14%","3,40%","8,03%","0,38%","0,57%","0,67%","1,50%","3,09%","3,48%","-3,91%","R$ 182.267.031,86","R$ 73,46","0,57",N/A,N/A,N/A,N/A,"0,00%",N/A,2
26,VXXV11,Outros,"R$ 852,64",627.0,"R$ 10,76",N/A,N/A,N/A,N/A,N/A,N/A,N/A,N/A,N/A,N/A,N/A,"R$ 136.389.337,47","R$ 771,53","1,11",N/A,N/A,N/A,N/A,N/A,N/A,0
27,BICE11,Títulos e Val. Mob.,"R$ 1.000,00",24.0,"R$ 5,40","0,00%","0,00%","0,00%","0,00%","0,00%","0,00%","0,00%",N/A,"0,00%","0,00%","0,00%","R$ 13.065.381,45","R$ 965,73","1,04",N/A,N/A,N/A,N/A,N/A,N/A,0
28,HRDF11,Híbrido,"R$ 1,17",1466.0,"R$ 6,80",N/A,N/A,N/A,N/A,N/A,N/A,N/A,N/A,N/A,N/A,N/A,"R$ 9.859.180,08","R$ 1,30","0,90",N/A,N/A,N/A,N/A,N/A,N/A,0
29,CJCT11,Lajes Corporativas,"R$ 80,01",1056.0,"R$ 0,00",N/A,N/A,N/A,N/A,N/A,N/A,N/A,N/A,N/A,N/A,N/A,"R$ 186.073.862,65","R$ 64,83","1,23",N/A,N/A,N/A,N/A,"59,00%",N/A,1
30,LFTT11,Residencial,"R$ 98,67",342.0,"R$ 0,75",N/A,N/A,N/A,N/A,N/A,N/A,N/A,N/A,N/A,N/A,N/A,"R$ 440.544.059,78","R$ 60,31","1,64",N/A,N/A,N/A,N/A,N/A,N/A,0
31,HCRI11,Hospital,"R$ 221,45",375.0,"R$ 2,49","0,88%","2,36%","4,77%","9,33%","0,79%","0,80%","0,78%","1,62%","-18,08%","-17,35%","-16,74%","R$ 51.810.193,32","R$ 259,05","0,85",N/A,N/A,N/A,N/A,"0,00%",N/A,1
32,DRIT11B,Lajes Corporativas,"R$ 87,01",2.0,"R$ 0,33","0,28%","0,80%","0,00%","0,00%","0,27%","0,00%","0,00%","1,28%","5,78%","6,07%","-7,42%","R$ 58.097.475,43","R$ 125,41","0,69",N/A,N/A,N/A,N/A,"10,47%",N/A,6
33,CTXT11,Lajes Corporativas,"R$ 14,24",215.0,"R$ 0,09","0,39%","0,78%","1,36%","5,53%","0,26%","0,23%","0,46%","1,36%","-2,58%","-2,20%","-39,31%","R$ 117.762.540,94","R$ 40,57","0,35",N/A,N/A,N/A,N/A,"97,00%",N/A,1
34,GESE11B,Outros,"R$ 1.520,00",300.0,"R$ 12,60","0,00%","0,00%","0,00%","0,00%","0,00%","0,00%","0,00%",N/A,"0,00%","0,00%","0,00%","R$ 86.540.717,02","R$ 1.664,24","0,91",N/A,N/A,N/A,N/A,N/A,N/A,0
35,SRVD11,Títulos e Val. Mob.,"R$ 8,39",19.0,"R$ 0,10","1,01%","0,00%","0,00%","0,00%","0,00%","0,00%","0,00%","1,01%","0,00%","1,01%","1,01%","R$ 71.878.054,17","R$ 0,75","11,24",N/A,N/A,N/A,N/A,N/A,N/A,0
36,RBIR11,Residencial,"R$ 62,99",10.0,"R$ 0,00","0,00%","0,00%","0,00%","0,00%","0,00%","0,00%","0,00%","0,00%","0,00%","0,00%","0,00%","R$ 147.080.116,11","R$ 96,22","0,65",N/A,N/A,N/A,N/A,N/A,N/A,0
37,CARE11,Híbrido,"R$ 4,13",5729.0,"R$ 0,00","0,23%","0,66%","1,36%","1,60%","0,22%","0,23%","0,13%","1,36%","-2,63%","-2,41%","5,65%","R$ 293.685.366,89","R$ 8,21","0,50",N/A,N/A,N/A,N/A,N/A,N/A,0
38,CXAG11,Outros,"R$ 74,95",1224.0,"R$ 0,75","0,96%","0,00%","0,00%","0,00%","0,00%","0,00%","0,00%","2,90%","0,65%","1,62%","6,33%","R$ 214.253.899,43","R$ 102,48","0,73","0,73%","0,02%","0,75%","2,16%",N/A,N/A,0
39,RDPD11,Títulos e Val. Mob.,"R$ 51,99",185.0,"R$ 0,56","1,00%","3,59%","6,40%","11,36%","1,20%","1,07%","0,95%","5,59%","-1,93%","-0,95%","3,87%","R$ 63.680.942,27","R$ 59,07","0,88","0,95%","-1,31%","-0,38%","5,05%",N/A,N/A,0
40,GTWR11,Lajes Corporativas,"R$ 72,00",11002.0,"R$ 0,74","1,02%","2,90%","5,52%","10,09%","0,97%","0,92%","0,84%","4,69%","-4,40%","-3,43%","-9,94%","R$ 1.174.713.672,72","R$ 97,89","0,74","0,76%","-0,71%","0,04%","3,16%","0,00%","0,00%",1
41,RNDP11,Títulos e Val. Mob.,"R$ 305,00",36.0,"R$ 3,74","1,00%","3,30%","5,13%","8,79%","1,10%","0,85%","0,73%","4,50%","-1,32%","-0,33%","-34,62%","R$ 50.536.041,45","R$ 470,19","0,65","0,80%","-0,90%","-0,11%","-27,63%",N/A,N/A,0
42,NVHO11,Hospital,"R$ 11,05",11.0,"R$ 0,08","0,67%","1,97%","3,50%","6,87%","0,66%","0,58%","0,57%","2,18%","1,67%","2,35%","4,34%","R$ 527.581.196,04","R$ 12,71","0,87",N/A,N/A,N/A,N/A,N/A,N/A,1
43,KINP11,Residencial,"R$ 13,00",1525.0,"R$ 0,37","2,90%","7,33%","0,00%","0,00%","2,44%","0,00%","0,00%","9,82%","0,00%","2,90%","0,75%","R$ 49.695.162,91","R$ 6,95","1,87",N/A,N/A,N/A,N/A,N/A,N/A,0
44,VJFD11,Híbrido,N/A,N/A,"R$ 0,86","0,00%","0,00%","0,00%","0,00%","0,00%","0,00%","0,00%",N/A,"0,00%","0,00%","0,00%","R$ 646.609.198,61","R$ 132,61",N/A,N/A,N/A,N/A,N/A,N/A,N/A,0
45,RBGS11,Shoppings,"R$ 28,45",5157.0,"R$ 0,18","0,62%","1,59%","2,73%","5,12%","0,53%","0,46%","0,43%","5,12%","-1,90%","-1,29%","-28,71%","R$ 97.865.283,71","R$ 90,78","0,31","0,18%","0,00%","0,18%","1,17%","13,00%",N/A,1
46,VVPR11,Híbrido,"R$ 96,28",1635.0,"R$ 0,76","0,78%","2,43%","4,90%","9,45%","0,81%","0,82%","0,79%","3,28%","3,71%","4,52%","7,79%","R$ 238.445.073,76","R$ 103,41","0,93","0,74%","0,02%","0,76%","1,53%","0,00%",N/A,6
47,BBIM11,Títulos e Val. Mob.,N/A,N/A,"R$ 0,25","0,00%","0,00%","0,00%","0,00%","0,00%","0,00%","0,00%",N/A,"0,00%","0,00%","0,00%","R$ 50.706.598,39","R$ 48,99",N/A,"0,51%","1,15%","1,66%","6,09%",N/A,N/A,0
48,VILG11,Logística,"R$ 94,60",20371.0,"R$ 0,70","0,71%","2,11%","4,14%","7,77%","0,70%","0,69%","0,65%","3,47%","-1,94%","-1,24%","0,24%","R$ 1.702.339.010,34","R$ 113,51","0,83","0,62%","-0,09%","0,53%","2,73%","0,00%",N/A,16
49,VINO11,Lajes Corporativas,"R$ 44,38",23793.0,"R$ 0,34","0,69%","2,07%","4,33%","9,78%","0,69%","0,72%","0,82%","3,45%","-4,35%","-3,69%","-1,85%","R$ 898.058.411,59","R$ 54,21","0,82","0,63%","-0,71%","-0,09%","0,91%","4,20%",N/A,9
50,VIUR11,Títulos e Val. Mob.,"R$ 7,24",74801.0,"R$ 0,07","0,95%","2,94%","5,72%","0,00%","0,98%","0,95%","0,00%","4,81%","-89,84%","-89,75%","-89,55%","R$ 256.297.429,41","R$ 9,51","0,76","0,76%","-90,08%","-90,00%","-89,78%","0,00%",N/A,6
51,BBFO11,Títulos e Val. Mob.,"R$ 70,14",3785.0,"R$ 0,83","1,12%","3,16%","6,13%","10,87%","1,05%","1,02%","0,91%","5,26%","0,54%","1,67%","7,47%","R$ 341.845.140,55","R$ 85,38","0,82","0,97%","-0,38%","0,59%","3,06%",N/A,N/A,0
52,CXCE11B,Outros,"R$ 36,97",932.0,"R$ 0,34","0,88%","2,60%","5,14%","11,94%","0,87%","0,86%","1,00%","4,33%","-0,94%","-0,07%","-10,33%","R$ 111.148.930,54","R$ 64,89","0,57","0,56%","-6,73%","-6,20%","-4,07%","0,00%",N/A,1
53,PLRI11,Títulos e Val. Mob.,"R$ 33,85",17.0,"R$ 0,22","0,62%","1,73%","7,94%","11,07%","0,58%","1,32%","0,92%","7,42%","-12,74%","-12,20%","-0,88%","R$ 37.217.103,19","R$ 39,00","0,87","0,53%","-1,58%","-1,06%","-0,98%",N/A,N/A,0
54,BTWR11,Lajes Corporativas,"R$ 105,49",3500.0,"R$ 0,50","0,47%","1,22%","1,50%","0,00%","0,41%","0,25%","0,00%","1,50%","0,00%","0,47%","0,08%","R$ 87.721.884,92","R$ 108,40","0,97","0,46%","-0,22%","0,24%","1,57%","12,00%",N/A,1
55,BLMO11,Lajes Corporativas,"R$ 24.785,85",4.0,"R$ 14,13","0,06%","0,19%","0,00%","0,00%","0,06%","0,00%","0,00%","0,21%","-0,40%","-0,34%","-4,41%","R$ 111.445.352,74","R$ 29.350,90","0,84","0,05%","0,23%","0,28%","12,13%","0,00%",N/A,1
56,RFOF11,Títulos e Val. Mob.,"R$ 70,26",1890.0,"R$ 0,67","0,95%","2,78%","5,47%","10,31%","0,93%","0,91%","0,86%","4,61%","-1,41%","-0,48%","0,36%","R$ 90.726.897,87","R$ 84,15","0,83","0,80%","-0,62%","0,17%","0,41%",N/A,N/A,0
57,QIRI11,Títulos e Val. Mob.,"R$ 70,10",13.0,"R$ 0,69","0,96%","2,59%","4,88%","8,39%","0,86%","0,81%","0,70%","4,15%","-9,54%","-8,67%","-16,92%","R$ 13.220.968,32","R$ 88,14","0,80","0,78%","-0,37%","0,41%","3,98%",N/A,N/A,0
58,HSAF11,Títulos e Val. Mob.,"R$ 94,10",9231.0,"R$ 1,25","1,31%","3,72%","7,13%","13,30%","1,24%","1,19%","1,11%","6,08%","-0,19%","1,12%","6,75%","R$ 168.525.677,28","R$ 95,02","0,99","1,32%","0,07%","1,39%","5,68%",N/A,N/A,0
59,AIEC11,Lajes Corporativas,"R$ 75,88",8129.0,"R$ 0,72","0,90%","3,36%","5,85%","10,47%","1,12%","0,98%","0,87%","5,02%","0,12%","1,02%","7,67%","R$ 489.073.625,01","R$ 101,36","0,75","0,71%","0,12%","0,83%","3,49%","0,00%",N/A,2
60,EDFO11B,Lajes Corporativas,"R$ 201,02",16.0,"R$ 1,49","0,73%","2,17%","4,21%","7,73%","0,72%","0,70%","0,64%","3,51%","-3,45%","-2,75%","-1,88%","R$ 45.277.206,52","R$ 191,85","1,05","0,80%","0,01%","0,81%","3,17%","7,10%",N/A,1
61,CACR11,Híbrido,"R$ 102,38",9821.0,"R$ 0,31","0,29%","3,00%","7,21%","14,48%","1,00%","1,20%","1,21%","5,78%","-0,77%","-0,48%","5,53%","R$ 156.931.955,28","R$ 103,64","0,99","0,30%","0,00%","0,30%","7,77%",N/A,N/A,0
62,STRX11,Híbrido,N/A,N/A,"R$ 0,73","0,00%","0,00%","0,00%","0,00%","0,00%","0,00%","0,00%",N/A,"0,00%","0,00%","0,00%","R$ 226.972.347,85","R$ 140,67",N/A,"0,52%","0,04%","0,56%","2,46%",N/A,N/A,0
63,XPHT11,Hotel,"R$ 105,02",500.0,"R$ 0,30","0,29%","0,79%","1,79%","4,64%","0,26%","0,30%","0,39%","0,39%","6,07%","6,37%","6,48%","R$ 357.825.990,77","R$ 94,05","1,12","0,32%","-0,01%","0,31%","0,47%","64,90%",N/A,5
64,PLOG11,Logística,"R$ 70,75",2432.0,"R$ 0,75","1,03%","3,14%","6,23%","11,44%","1,05%","1,04%","0,95%","5,27%","-1,37%","-0,35%","2,50%","R$ 75.135.829,00","R$ 100,18","0,71","0,75%","-0,03%","0,72%","3,79%","20,40%",N/A,1
65,JFLL11,Residencial,"R$ 68,85",1583.0,"R$ 0,62","0,86%","2,48%","4,90%","9,62%","0,83%","0,82%","0,80%","4,09%","-9,17%","-8,39%","-4,58%","R$ 150.528.092,96","R$ 100,31","0,69","0,62%","0,06%","0,67%","3,33%","28,00%",N/A,2
66,MALL11,Shoppings,"R$ 100,72",15405.0,"R$ 0,72","0,71%","2,13%","4,28%","7,91%","0,71%","0,71%","0,66%","3,61%","-0,79%","-0,09%","8,65%","R$ 819.150.849,09","R$ 108,35","0,93","0,66%","-0,46%","0,20%","1,11%","4,00%",N/A,8
67,PLCR11,Híbrido,"R$ 84,85",3938.0,"R$ 1,15","1,30%","3,76%","7,24%","13,25%","1,25%","1,21%","1,10%","6,11%","0,82%","2,14%","6,03%","R$ 195.230.258,40","R$ 92,56","0,92","1,19%","-0,09%","1,10%","4,62%",N/A,N/A,0
68,JSRE11,Híbrido,"R$ 78,23",91031.0,"R$ 0,49","0,63%","1,93%","3,93%","7,90%","0,64%","0,65%","0,66%","3,29%","0,41%","1,05%","1,06%","R$ 2.359.889.166,96","R$ 113,63","0,69","0,43%","-0,03%","0,40%","1,87%","14,80%","13,40%",5
69,RZTR11,Híbrido,"R$ 100,99",34622.0,"R$ 1,25","1,21%","3,63%","7,29%","13,16%","1,21%","1,22%","1,10%","6,06%","-0,70%","0,50%","5,75%","R$ 1.077.574.252,11","R$ 98,20","1,03","1,27%","0,00%","1,27%","4,52%",N/A,N/A,10
70,CYCR11,Títulos e Val. Mob.,"R$ 101,99",4.0,"R$ 1,35","1,31%","3,82%","7,80%","0,00%","1,27%","1,30%","0,00%","6,11%","4,44%","5,81%","8,98%","R$ 72.344.443,12","R$ 97,76","1,04","1,38%","1,70%","3,11%","9,13%",N/A,N/A,0
71,KNCA11,Títulos e Val. Mob.,"R$ 109,30",9859.0,"R$ 1,44","1,33%","3,56%","0,00%","0,00%","1,19%","0,00%","0,00%","4,55%","-3,87%","-2,60%","2,97%","R$ 514.806.511,39","R$ 100,94","1,08","1,43%","0,55%","1,99%","4,30%",N/A,N/A,0
72,BRCO11,Logística,"R$ 97,79",23710.0,"R$ 0,65","0,65%","1,92%","3,81%","7,31%","0,64%","0,63%","0,61%","3,20%","-1,49%","-0,85%","6,04%","R$ 1.757.794.758,42","R$ 118,94","0,82","0,53%","0,02%","0,55%","2,31%","0,00%","0,00%",10
73,VCJR11,Títulos e Val. Mob.,"R$ 101,02",19395.0,"R$ 1,75","1,78%","4,45%","8,39%","15,24%","1,48%","1,40%","1,27%","6,83%","-0,73%","1,04%","7,13%","R$ 1.390.944.337,65","R$ 94,47","1,07","1,85%","-0,25%","1,60%","7,41%",N/A,N/A,0
74,BARI11,Títulos e Val. Mob.,"R$ 99,98",13500.0,"R$ 1,45","1,44%","3,78%","7,20%","13,71%","1,26%","1,20%","1,14%","5,90%","-1,81%","-0,39%","1,68%","R$ 474.303.437,32","R$ 102,35","0,98","1,27%","0,36%","1,63%","5,44%",N/A,N/A,0
75,MXRF11,Híbrido,"R$ 9,59",754427.0,"R$ 0,11","1,11%","3,31%","6,17%","10,84%","1,10%","1,03%","0,90%","5,27%","-0,40%","0,70%","14,77%","R$ 2.302.693.543,19","R$ 10,19","0,94","0,98%","-0,02%","0,96%","2,22%",N/A,N/A,0
76,TGAR11,Outros,"R$ 114,68",22611.0,"R$ 1,53","1,29%","3,61%","6,66%","12,06%","1,20%","1,11%","1,00%","5,64%","-1,28%","0,00%","1,97%","R$ 1.420.685.727,96","R$ 125,62","0,91","1,22%","-1,86%","-0,67%","0,40%",N/A,N/A,0
77,URPR11,Outros,"R$ 115,00",37921.0,"R$ 2,01","1,81%","4,94%","9,14%","18,59%","1,65%","1,52%","1,55%","7,69%","3,95%","5,83%","-0,21%","R$ 574.027.635,81","R$ 104,01","1,11","1,93%","4,46%","6,48%","18,68%",N/A,N/A,0
78,HSML11,Shoppings,"R$ 77,54",30893.0,"R$ 0,62","0,77%","2,26%","4,40%","8,10%","0,75%","0,73%","0,68%","3,76%","-0,30%","0,47%","9,69%","R$ 1.470.237.699,26","R$ 93,17","0,83","0,67%","-0,63%","0,03%","1,62%","4,50%",N/A,5
79,WPLZ11,Shoppings,"R$ 73,00",391.0,"R$ 0,30","0,42%","1,23%","2,53%","0,00%","0,41%","0,42%","0,00%","2,00%","-4,85%","-4,44%","0,81%","R$ 104.841.901,37","R$ 102,71","0,71","0,29%","-0,13%","0,16%","1,46%","11,00%",N/A,1
80,SDIL11,Logística,"R$ 87,84",6071.0,"R$ 0,76","0,83%","2,50%","5,06%","9,60%","0,83%","0,84%","0,80%","4,22%","0,69%","1,53%","10,47%","R$ 638.749.928,55","R$ 99,88","0,88","0,76%","-0,69%","0,06%","6,46%","2,60%",N/A,5
81,HAAA11,Lajes Corporativas,"R$ 93,99",9.0,"R$ 0,54","0,57%","1,71%","3,40%","6,69%","0,57%","0,57%","0,56%","2,83%","1,06%","1,64%","2,01%","R$ 320.439.330,78","R$ 92,75","1,01","0,58%","-0,72%","-0,14%","0,66%","17,00%",N/A,1
82,FIGS11,Shoppings,"R$ 48,75",4449.0,"R$ 0,37","0,73%","2,12%","4,13%","7,23%","0,71%","0,69%","0,60%","3,49%","-1,67%","-0,95%","-4,49%","R$ 283.406.000,40","R$ 99,44","0,49","0,37%","-0,01%","0,36%","1,68%","13,70%",N/A,2
83,SHPH11,Shoppings,"R$ 775,00",195.0,"R$ 3,05","0,41%","1,24%","2,84%","4,96%","0,41%","0,47%","0,41%","2,35%","-9,07%","-8,70%","-4,50%","R$ 541.116.717,56","R$ 888,61","0,87","0,34%","0,14%","0,48%","1,79%","10,80%",N/A,1
84,KNIP11,Títulos e Val. Mob.,"R$ 101,85",127216.0,"R$ 1,70","1,65%","4,64%","8,42%","15,55%","1,55%","1,40%","1,30%","7,00%","0,62%","2,28%","6,17%","R$ 6.938.900.334,81","R$ 97,55","1,04","1,74%","-0,12%","1,62%","7,44%",N/A,N/A,0
85,XPPR11,Outros,"R$ 51,53",25414.0,"R$ 0,45","0,83%","2,40%","4,68%","9,60%","0,80%","0,78%","0,80%","3,87%","-7,43%","-6,66%","-12,16%","R$ 565.410.376,25","R$ 77,28","0,67","0,58%","-1,54%","-0,96%","-2,87%","46,00%","0,00%",4
86,HGBS11,Shoppings,"R$ 170,53",9199.0,"R$ 1,25","0,70%","2,01%","3,96%","6,56%","0,67%","0,66%","0,55%","3,39%","0,93%","1,64%","11,21%","R$ 2.165.192.006,43","R$ 216,52","0,79","0,58%","0,14%","0,72%","3,43%","6,50%",N/A,17
87,HFOF11,Títulos e Val. Mob.,"R$ 70,56",11336.0,"R$ 0,60","0,82%","2,41%","4,68%","8,83%","0,80%","0,78%","0,74%","3,95%","-3,48%","-2,69%","-3,56%","R$ 1.914.881.099,42","R$ 83,30","0,85","0,72%","-1,61%","-0,90%","1,90%",N/A,N/A,0
88,EVBI11,Híbrido,"R$ 98,99",2156.0,"R$ 0,75","0,76%","2,36%","4,95%","8,83%","0,79%","0,83%","0,74%","3,16%","3,49%","4,27%","9,63%","R$ 137.475.328,40","R$ 98,35","1,01",N/A,N/A,N/A,N/A,"0,00%",N/A,4
89,FIIB11,Híbrido,"R$ 424,95",1033.0,"R$ 3,30","0,76%","2,24%","4,42%","8,74%","0,75%","0,74%","0,73%","2,94%","-1,19%","-0,44%","-3,39%","R$ 312.880.513,96","R$ 456,76","0,93",N/A,N/A,N/A,N/A,"6,28%",N/A,1
90,PVBI11,Lajes Corporativas,"R$ 91,90",24353.0,"R$ 0,56","0,58%","1,79%","3,66%","7,39%","0,60%","0,61%","0,62%","2,42%","1,05%","1,65%","11,02%","R$ 995.275.932,69","R$ 99,14","0,93","0,56%","-0,14%","0,42%","0,99%","0,10%",N/A,4
91,LVBI11,Logística,"R$ 98,23",22054.0,"R$ 0,74","0,72%","2,18%","4,29%","8,18%","0,73%","0,72%","0,68%","2,90%","2,50%","3,24%","6,50%","R$ 1.350.472.515,23","R$ 114,69","0,86","0,65%","-0,08%","0,57%","1,19%","0,50%","0,00%",10
92,PQDP11,Shoppings,"R$ 2.003,99",184.0,"R$ 6,51","0,33%","1,78%","3,84%","7,19%","0,59%","0,64%","0,60%","2,65%","-1,73%","-1,41%","0,45%","R$ 800.467.303,08","R$ 3.356,58","0,60","0,45%","-0,06%","0,38%","0,91%","3,60%",N/A,1
93,RBHY11,Títulos e Val. Mob.,"R$ 98,00",1320.0,"R$ 1,45","1,45%","4,03%","8,33%","15,27%","1,34%","1,39%","1,27%","6,39%","-1,19%","0,25%","3,41%","R$ 185.762.734,80","R$ 98,11","1,00","1,48%","0,20%","1,68%","7,44%",N/A,N/A,0
94,RBHG11,Títulos e Val. Mob.,"R$ 86,46",2137.0,"R$ 1,30","1,43%","3,94%","7,95%","14,01%","1,31%","1,32%","1,17%","6,27%","-1,09%","0,33%","8,42%","R$ 166.795.155,28","R$ 96,55","0,90","1,35%","0,08%","1,42%","6,10%",N/A,N/A,0
95,RMAI11,Lajes Corporativas,"R$ 31,87",25.0,"R$ 0,26","0,78%","2,27%","4,01%","4,01%","0,76%","0,67%","0,33%","4,01%","-1,94%","-1,18%","-13,39%","R$ 265.344.746,54","R$ 108,58","0,29","0,24%","0,45%","0,69%","1,10%","23,44%",N/A,1
96,BBRC11,Outros,"R$ 99,94",354.0,"R$ 0,97","0,99%","2,91%","5,60%","10,59%","0,97%","0,93%","0,88%","4,76%","-0,96%","0,02%","2,60%","R$ 170.397.413,70","R$ 107,17","0,93","0,91%","-0,83%","0,06%","3,94%","5,37%","1,08%",20
97,RBRD11,Híbrido,"R$ 38,74",14305.0,"R$ 0,30","0,65%","1,92%","5,44%","6,97%","0,64%","0,91%","0,58%","5,03%","1,10%","1,76%","12,45%","R$ 130.471.665,38","R$ 70,46","0,55","0,43%","-0,52%","-0,10%","0,94%","15,52%",N/A,4
98,PORD11,Títulos e Val. Mob.,"R$ 96,90",5776.0,"R$ 1,52","1,57%","4,36%","7,90%","13,84%","1,45%","1,32%","1,15%","6,78%","1,89%","3,49%","10,45%","R$ 369.859.708,13","R$ 99,20","0,98","1,42%","0,03%","1,45%","4,92%",N/A,N/A,0
99,VSHO11,Shoppings,"R$ 78,49",204.0,"R$ 0,69","0,86%","2,37%","4,57%","9,05%","0,79%","0,76%","0,75%","3,81%","0,01%","0,88%","5,86%","R$ 213.265.274,29","R$ 101,61","0,77","0,68%","-0,75%","-0,08%","2,65%","12,96%",N/A,3
100,VOTS11,Títulos e Val. Mob.,"R$ 89,97",143.0,"R$ 1,40","1,56%","4,34%","7,54%","12,27%","1,45%","1,26%","1,02%","6,66%","-4,20%","-2,70%","13,92%","R$ 79.181.152,56","R$ 95,64","0,94","1,46%","-2,19%","-0,76%","3,89%",N/A,N/A,0
101,VTLT11,Logística,"R$ 89,59",4467.0,"R$ 0,83","0,89%","2,65%","5,24%","9,81%","0,88%","0,87%","0,82%","4,46%","0,27%","1,17%","5,80%","R$ 217.200.401,30","R$ 102,70","0,87","0,81%","-0,76%","0,04%","3,50%","0,00%","0,00%",1
102,KISU11,Títulos e Val. Mob.,"R$ 7,54",195835.0,"R$ 0,08","1,00%","2,70%","5,22%","9,47%","0,90%","0,87%","0,79%","4,35%","-1,97%","-0,98%","-4,04%","R$ 397.684.224,87","R$ 9,00","0,84","0,83%","-0,50%","0,33%","-0,71%",N/A,N/A,0
103,BBPO11,Lajes Corporativas,"R$ 80,70",15283.0,"R$ 0,89","1,06%","3,10%","5,98%","11,37%","1,03%","1,00%","0,95%","5,03%","-2,17%","-1,13%","-6,17%","R$ 1.512.931.778,94","R$ 95,04","0,85","0,94%","-0,90%","0,03%","3,87%","0,00%","0,00%",64
104,RBFF11,Títulos e Val. Mob.,"R$ 51,60",10024.0,"R$ 0,50","0,98%","2,81%","5,42%","10,17%","0,94%","0,90%","0,85%","4,59%","-3,57%","-2,63%","-3,62%","R$ 243.550.499,04","R$ 64,96","0,79","0,77%","-0,83%","-0,06%","3,16%",N/A,N/A,0
105,FPAB11,Lajes Corporativas,"R$ 195,12",64.0,"R$ 1,63","0,77%","2,21%","4,23%","7,58%","0,74%","0,70%","0,63%","3,54%","-1,89%","-1,13%","-0,26%","R$ 307.513.373,89","R$ 410,02","0,48","0,40%","0,00%","0,40%","1,98%","33,79%",N/A,1
106,EURO11,Logística,"R$ 217,39",450.0,"R$ 1,70","0,75%","2,37%","4,93%","9,34%","0,79%","0,82%","0,78%","4,10%","0,24%","0,99%","17,92%","R$ 120.082.868,33","R$ 312,77","0,70","0,54%","0,05%","0,59%","3,03%","0,00%",N/A,6
107,VISC11,Shoppings,"R$ 100,56",22040.0,"R$ 0,70","0,69%","2,06%","4,20%","7,40%","0,69%","0,70%","0,62%","3,42%","-1,46%","-0,78%","4,50%","R$ 2.037.764.034,54","R$ 115,15","0,87","0,61%","-0,43%","0,18%","2,16%","8,30%",N/A,15
108,VIFI11,Títulos e Val. Mob.,"R$ 6,97",7555.0,"R$ 0,06","0,85%","2,61%","5,14%","9,94%","0,87%","0,86%","0,83%","4,28%","-1,67%","-0,83%","-5,44%","R$ 72.445.994,24","R$ 8,96","0,78","0,67%","-0,76%","-0,09%","-70,47%",N/A,N/A,0
109,BCIA11,Títulos e Val. Mob.,"R$ 82,49",4127.0,"R$ 0,74","0,88%","2,54%","4,83%","9,21%","0,85%","0,81%","0,77%","4,09%","-1,47%","-0,60%","1,01%","R$ 389.494.590,19","R$ 104,73","0,79","0,71%","-0,17%","0,53%","3,82%",N/A,N/A,0
110,FIIP11B,Logística,"R$ 155,00",403.0,"R$ 1,28","0,83%","2,40%","4,71%","9,00%","0,80%","0,78%","0,75%","3,97%","-3,13%","-2,33%","-1,67%","R$ 186.038.544,78","R$ 200,65","0,77","0,64%","0,09%","0,73%","3,36%","0,00%",N/A,7
111,BCRI11,Títulos e Val. Mob.,"R$ 109,30",20989.0,"R$ 1,45","1,33%","3,74%","7,19%","13,44%","1,25%","1,20%","1,12%","5,94%","-1,18%","0,14%","4,18%","R$ 670.869.079,01","R$ 107,20","1,02","1,35%","0,81%","2,17%","5,51%",N/A,N/A,0
112,BNFS11,Outros,"R$ 119,02",230.0,"R$ 1,43","1,19%","3,41%","6,44%","12,02%","1,14%","1,07%","1,00%","5,44%","1,17%","2,38%","-0,28%","R$ 69.417.286,55","R$ 99,17","1,20","1,43%","0,01%","1,44%","5,44%","0,00%",N/A,18
113,HBRH11,Híbrido,"R$ 82,80",5837.0,"R$ 0,67","0,78%","2,54%","5,33%","10,49%","0,85%","0,89%","0,87%","4,29%","2,07%","2,87%","-2,05%","R$ 313.449.092,21","R$ 113,07","0,73","0,59%","-0,10%","0,48%","3,72%",N/A,N/A,3
114,RBVO11,Outros,"R$ 11,75",165.0,"R$ 0,01","0,08%","0,56%","1,89%","3,88%","0,19%","0,31%","0,32%","1,47%","-0,24%","-0,16%","2,39%","R$ 12.231.697,36","R$ 23,71","0,50","0,04%","1,31%","1,35%","4,85%",N/A,N/A,0
115,VCRR11,Residencial,"R$ 73,02",1060.0,"R$ 0,67","0,91%","2,73%","5,34%","0,00%","0,91%","0,89%","0,00%","4,49%","-3,94%","-3,07%","-0,33%","R$ 239.575.654,97","R$ 119,79","0,61","0,56%","0,07%","0,63%","2,96%",N/A,N/A,0
116,GALG11,Híbrido,"R$ 92,59",5189.0,"R$ 0,82","0,86%","2,58%","5,07%","9,92%","0,86%","0,85%","0,83%","4,26%","-0,39%","0,47%","-0,82%","R$ 584.193.098,84","R$ 101,62","0,91","0,81%","-0,58%","0,22%","2,43%","0,00%","0,00%",6
117,APTO11,Híbrido,"R$ 9,98",1273.0,"R$ 0,12","1,19%","3,41%","0,00%","0,00%","1,14%","0,00%","0,00%","5,28%","-2,88%","-1,73%","5,39%","R$ 38.808.751,87","R$ 9,67","1,03","1,24%","-0,51%","0,72%","2,93%",N/A,N/A,0
118,RNGO11,Lajes Corporativas,"R$ 46,75",1415.0,"R$ 0,39","0,80%","2,31%","4,39%","8,05%","0,77%","0,73%","0,67%","3,73%","-2,38%","-1,60%","-0,49%","R$ 234.619.574,18","R$ 87,68","0,53","0,44%","0,06%","0,50%","2,33%","24,10%",N/A,3
119,KNCR11,Títulos e Val. Mob.,"R$ 101,67",94030.0,"R$ 1,08","1,05%","2,98%","5,44%","8,69%","0,99%","0,91%","0,72%","4,63%","0,51%","1,57%","7,45%","R$ 4.036.597.525,47","R$ 101,13","1,01","1,07%","0,02%","1,09%","4,90%",N/A,N/A,0
120,VLOL11,Lajes Corporativas,"R$ 98,00",785.0,"R$ 0,61","0,62%","1,81%","3,47%","6,33%","0,60%","0,58%","0,53%","2,91%","0,22%","0,85%","8,16%","R$ 184.805.807,65","R$ 103,54","0,95","0,60%","0,00%","0,60%","2,23%","0,00%",N/A,1
121,KFOF11,Títulos e Val. Mob.,"R$ 75,79",7157.0,"R$ 0,68","0,85%","2,59%","5,08%","9,54%","0,86%","0,85%","0,80%","4,29%","-0,52%","0,32%","9,39%","R$ 431.804.707,84","R$ 95,25","0,80","0,71%","-0,25%","0,46%","5,03%",N/A,N/A,0
122,ARRI11,Títulos e Val. Mob.,"R$ 96,19",3170.0,"R$ 1,41","1,47%","4,11%","8,50%","16,04%","1,37%","1,42%","1,34%","6,71%","-2,63%","-1,20%","2,24%","R$ 106.085.819,56","R$ 93,55","1,03","1,37%","-0,60%","0,76%","6,99%",N/A,N/A,0
123,ITIP11,Títulos e Val. Mob.,"R$ 83,48",663.0,"R$ 1,02","1,17%","3,53%","7,13%","13,13%","1,18%","1,19%","1,09%","5,93%","4,83%","6,06%","13,49%","R$ 65.492.720,72","R$ 87,54","0,95","1,17%","0,19%","1,36%","4,11%",N/A,N/A,0
124,TEPP11,Lajes Corporativas,"R$ 70,12",3945.0,"R$ 0,50","0,73%","2,15%","4,13%","7,81%","0,72%","0,69%","0,65%","3,45%","-2,75%","-2,04%","-3,49%","R$ 381.155.465,82","R$ 90,28","0,78","0,55%","-0,26%","0,30%","1,32%","9,06%","18,03%",5
125,BBFI11B,Lajes Corporativas,"R$ 1.750,00",385.0,"R$ 25,65","1,32%","4,08%","7,86%","14,37%","1,36%","1,31%","1,20%","6,19%","-6,02%","-4,77%","-9,90%","R$ 370.762.576,82","R$ 2.852,02","0,61","1,12%","0,13%","1,25%","2,11%","39,11%",N/A,2
126,HGFF11,Títulos e Val. Mob.,"R$ 70,70",3854.0,"R$ 0,62","0,85%","2,52%","4,87%","8,97%","0,84%","0,81%","0,75%","4,10%","-3,05%","-2,23%","0,55%","R$ 256.100.841,42","R$ 89,43","0,79","0,69%","-0,17%","0,53%","3,16%",N/A,N/A,0
127,LGCP11,Logística,"R$ 78,53",7551.0,"R$ 0,60","0,77%","2,29%","4,44%","8,30%","0,76%","0,74%","0,69%","3,77%","-2,20%","-1,44%","-2,11%","R$ 279.002.316,82","R$ 102,09","0,77","0,59%","0,01%","0,60%","3,01%","0,50%",N/A,5
128,HGPO11,Lajes Corporativas,"R$ 259,75",1003.0,"R$ 1,35","0,52%","1,56%","3,15%","6,72%","0,52%","0,53%","0,56%","2,59%","0,31%","0,83%","3,02%","R$ 470.185.660,24","R$ 268,21","0,97","0,50%","0,01%","0,51%","2,59%","4,99%","2,72%",2
129,HGRE11,Lajes Corporativas,"R$ 130,87",9975.0,"R$ 0,78","0,60%","1,77%","4,84%","8,53%","0,59%","0,81%","0,71%","2,82%","2,26%","2,87%","1,61%","R$ 1.924.601.744,59","R$ 162,86","0,80","0,48%","-1,08%","-0,61%","0,46%","27,13%","29,17%",21
130,YUFI11B,Residencial,N/A,N/A,"R$ 0,60","0,00%","0,00%","0,00%","0,00%","0,00%","0,00%","0,00%",N/A,"0,00%","0,00%","0,00%","R$ 41.106.356,80","R$ 104,03",N/A,"0,58%","-0,28%","0,29%","2,72%",N/A,N/A,0
131,MFII11,Híbrido,"R$ 95,45",3818.0,"R$ 1,10","1,12%","3,31%","6,60%","12,81%","1,10%","1,10%","1,07%","5,48%","-5,48%","-4,42%","-5,94%","R$ 424.973.878,67","R$ 102,48","0,93","1,07%","-2,15%","-1,10%","-0,68%",N/A,N/A,9
132,TRXF11,Outros,"R$ 98,35",12848.0,"R$ 0,85","0,86%","2,46%","4,94%","9,27%","0,82%","0,82%","0,77%","4,05%","-1,12%","-0,27%","1,44%","R$ 708.147.194,50","R$ 97,75","1,01","0,87%","-1,00%","-0,14%","0,97%","0,00%",N/A,44
133,RRCI11,Títulos e Val. Mob.,"R$ 89,57",1043.0,"R$ 1,40","1,53%","4,41%","8,31%","14,35%","1,47%","1,38%","1,20%","7,09%","-1,03%","0,49%","14,29%","R$ 47.284.328,37","R$ 98,15","0,91","1,43%","0,05%","1,48%","7,48%",N/A,N/A,0
134,NVIF11B,Outros,N/A,N/A,"R$ 0,44","0,00%","0,00%","0,00%","0,00%","0,00%","0,00%","0,00%",N/A,"0,00%","0,00%","0,00%","R$ 85.940.184,88","R$ 254,71",N/A,"0,17%","0,44%","0,61%","0,42%",N/A,N/A,0
135,PATC11,Lajes Corporativas,"R$ 67,90",6078.0,"R$ 0,32","0,47%","1,40%","2,77%","5,60%","0,47%","0,46%","0,47%","2,31%","0,88%","1,35%","7,09%","R$ 303.082.185,17","R$ 87,16","0,78","0,37%","0,11%","0,47%","2,86%","21,90%","18,90%",6
136,SPTW11,Lajes Corporativas,"R$ 43,37",3571.0,"R$ 0,40","0,91%","2,71%","5,36%","15,98%","0,90%","0,89%","1,33%","4,50%","-1,15%","-0,25%","1,05%","R$ 95.065.138,49","R$ 52,87","0,82","0,76%","0,06%","0,81%","3,30%","0,00%",N/A,1
137,LASC11,Shoppings,"R$ 92,00",12971.0,"R$ 0,37","0,41%","1,80%","3,67%","6,98%","0,60%","0,61%","0,58%","3,02%","4,05%","4,47%","3,06%","R$ 282.692.671,94","R$ 112,26","0,82","0,33%","-0,32%","0,01%","1,51%","2,40%",N/A,3
138,VRTA11,Títulos e Val. Mob.,"R$ 97,62",19716.0,"R$ 1,25","1,25%","3,52%","7,03%","13,20%","1,17%","1,17%","1,10%","5,90%","-2,50%","-1,28%","0,93%","R$ 1.266.271.603,58","R$ 96,28","1,01","1,30%","-0,37%","0,92%","6,66%",N/A,N/A,0
139,JGPX11,Híbrido,"R$ 97,77",959.0,"R$ 1,25","1,27%","3,75%","0,00%","0,00%","1,25%","0,00%","0,00%","5,93%","-0,90%","0,35%","8,11%","R$ 85.843.239,06","R$ 96,14","1,02","1,30%","0,16%","1,46%","6,06%",N/A,N/A,0
140,BPFF11,Títulos e Val. Mob.,"R$ 63,83",6279.0,"R$ 0,75","1,15%","3,09%","5,72%","10,61%","1,03%","0,95%","0,88%","4,89%","0,26%","1,42%","-0,57%","R$ 349.434.722,44","R$ 77,78","0,82","0,96%","-0,59%","0,37%","2,36%",N/A,N/A,0
141,OUJP11,Títulos e Val. Mob.,"R$ 94,50",9098.0,"R$ 1,40","1,47%","4,24%","7,87%","13,64%","1,41%","1,31%","1,14%","6,84%","-0,69%","0,77%","11,20%","R$ 330.593.078,37","R$ 101,65","0,93","1,38%","-0,14%","1,24%","7,09%",N/A,N/A,0
142,XPSF11,Outros,"R$ 7,07",188193.0,"R$ 0,07","0,96%","2,85%","5,42%","10,51%","0,95%","0,90%","0,88%","4,58%","-90,24%","-90,14%","-90,56%","R$ 375.228.449,53","R$ 8,67","0,82","0,80%","-90,09%","-90,02%","-89,78%",N/A,N/A,0
143,XPCA11,Títulos e Val. Mob.,"R$ 9,93",121651.0,"R$ 0,14","1,39%","4,16%","0,00%","0,00%","1,39%","0,00%","0,00%","6,33%","-3,18%","-1,83%","10,90%","R$ 134.119.495,76","R$ 9,52","1,04","1,47%","-0,26%","1,20%","6,37%",N/A,N/A,0
144,IDFI11,Híbrido,"R$ 82,48",39.0,"R$ 1,30","1,49%","3,95%","8,35%","0,00%","1,32%","1,39%","0,00%","6,69%","-11,25%","-9,92%","-8,92%","R$ 180.214.602,95","R$ 87,57","0,94","1,48%","-7,89%","-6,53%","-10,00%",N/A,N/A,0
145,RZAG11,Títulos e Val. Mob.,"R$ 9,97",159777.0,"R$ 0,13","1,26%","3,53%","6,60%","0,00%","1,18%","1,10%","0,00%","5,75%","-2,63%","-1,40%","7,50%","R$ 289.691.582,98","R$ 9,55","1,04","1,32%","0,09%","1,41%","6,25%",N/A,N/A,0
146,QAMI11,Híbrido,"R$ 92,50",214.0,"R$ 1,50","1,61%","4,02%","8,14%","15,51%","1,34%","1,36%","1,29%","6,54%","-2,65%","-1,08%","0,21%","R$ 73.056.364,17","R$ 91,16","1,01","1,35%","0,06%","1,41%","5,39%",N/A,N/A,0
147,RBRS11,Híbrido,"R$ 59,01",29.0,"R$ 0,48","0,78%","2,20%","4,11%","7,67%","0,73%","0,69%","0,64%","3,47%","-1,70%","-0,94%","-5,56%","R$ 138.609.258,54","R$ 92,12","0,64","0,52%","0,05%","0,57%","0,87%",N/A,N/A,0
148,NEWL11,Híbrido,"R$ 91,70",12519.0,"R$ 0,80","0,84%","2,43%","5,31%","10,16%","0,81%","0,89%","0,85%","4,00%","-5,02%","-4,22%","-3,39%","R$ 237.060.611,85","R$ 116,60","0,79","0,69%","0,13%","0,82%","4,21%","0,00%",N/A,2
149,JPPA11,Títulos e Val. Mob.,"R$ 105,76",4898.0,"R$ 2,00","1,92%","5,22%","9,39%","15,78%","1,74%","1,57%","1,32%","7,97%","0,22%","2,15%","15,33%","R$ 64.361.837,77","R$ 106,57","0,99","1,88%","0,25%","2,13%","9,11%",N/A,N/A,0
150,HOSI11,Híbrido,"R$ 69,10",819.0,"R$ 0,36","0,51%","1,51%","3,26%","7,05%","0,50%","0,54%","0,59%","2,51%","-3,34%","-2,85%","-0,94%","R$ 52.763.160,86","R$ 92,01","0,75","0,39%","0,28%","0,68%","1,22%",N/A,N/A,2
151,FVPQ11,Shoppings,"R$ 115,79",94.0,"R$ 0,75","0,64%","1,93%","4,23%","6,73%","0,64%","0,71%","0,56%","3,54%","-1,24%","-0,61%","19,46%","R$ 555.123.785,59","R$ 198,25","0,58","0,38%","-0,03%","0,35%","2,09%","5,50%",N/A,1
152,PATL11,Híbrido,"R$ 77,50",85425.0,"R$ 0,58","0,75%","2,27%","4,54%","9,24%","0,76%","0,76%","0,77%","3,78%","0,74%","1,50%","6,45%","R$ 489.268.515,89","R$ 98,02","0,79","0,59%","-0,02%","0,58%","2,98%","0,00%","0,00%",4
153,HGIC11,Títulos e Val. Mob.,"R$ 109,98",9.0,"R$ 0,99","0,88%","2,69%","5,74%","10,67%","0,90%","0,96%","0,89%","4,67%","1,30%","2,20%","10,14%","R$ 31.666.498,37","R$ 113,93","0,97","0,87%","1,54%","2,42%","10,47%",N/A,N/A,0
154,SPVJ11,Outros,N/A,N/A,"R$ 0,66","0,00%","0,00%","0,00%","0,00%","0,00%","0,00%","0,00%",N/A,"0,00%","0,00%","0,00%","R$ 679.062.031,01","R$ 107,58",N/A,"0,61%","-0,03%","0,58%","3,05%",N/A,N/A,0
155,SADI11,Títulos e Val. Mob.,"R$ 90,76",7902.0,"R$ 1,06","1,15%","3,17%","5,85%","9,11%","1,06%","0,97%","0,76%","5,02%","0,62%","1,78%","7,57%","R$ 321.097.673,90","R$ 100,97","0,90","1,05%","0,20%","1,25%","5,06%",N/A,N/A,0
156,HCHG11,Outros,"R$ 81,49",354.0,"R$ 0,88","1,05%","3,08%","5,80%","0,00%","1,03%","0,97%","0,00%","4,89%","0,58%","1,64%","-1,54%","R$ 124.082.191,95","R$ 103,40","0,79","0,85%","0,40%","1,25%","10,58%",N/A,N/A,0
157,XPCM11,Lajes Corporativas,"R$ 15,08",5403.0,"R$ 0,18","1,09%","3,18%","5,37%","10,28%","1,06%","0,90%","0,86%","4,88%","-6,00%","-4,97%","-9,79%","R$ 129.112.080,33","R$ 53,47","0,28","0,34%","-0,57%","-0,24%","-0,69%","100,00%",N/A,1
158,HABT11,Títulos e Val. Mob.,"R$ 101,82",17056.0,"R$ 1,40","1,35%","3,68%","7,14%","15,12%","1,23%","1,19%","1,26%","5,97%","-0,60%","0,74%","-1,40%","R$ 738.157.916,85","R$ 99,45","1,02","1,41%","0,76%","2,18%","8,23%",N/A,N/A,0
159,KNSC11,Títulos e Val. Mob.,"R$ 93,25",42659.0,"R$ 1,35","1,43%","3,79%","7,54%","14,60%","1,26%","1,26%","1,22%","6,10%","-0,56%","0,87%","0,59%","R$ 1.187.259.742,46","R$ 89,43","1,04","1,51%","-0,60%","0,90%","5,56%",N/A,N/A,0
160,PQAG11,Logística,"R$ 57,12",2.0,"R$ 0,41","0,72%","2,09%","4,15%","7,68%","0,70%","0,69%","0,64%","3,49%","-5,12%","-4,43%","4,32%","R$ 797.170.393,11","R$ 56,97","1,00","0,72%","0,02%","0,74%","3,77%","0,00%",N/A,1
161,HPDP11,Shoppings,"R$ 82,46",2.0,"R$ 0,45","0,54%","1,65%","3,35%","5,94%","0,55%","0,56%","0,50%","2,72%","2,45%","3,00%","3,36%","R$ 275.728.285,78","R$ 94,79","0,87","0,47%","0,01%","0,49%","2,41%","2,00%",N/A,1
162,KNHY11,Títulos e Val. Mob.,"R$ 103,60",27537.0,"R$ 1,75","1,67%","4,34%","7,98%","15,00%","1,45%","1,33%","1,25%","6,61%","1,55%","3,25%","4,71%","R$ 1.809.753.635,54","R$ 97,87","1,06","1,79%","-0,23%","1,56%","6,49%",N/A,N/A,0
163,CXCO11,Lajes Corporativas,"R$ 75,92",2561.0,"R$ 0,73","0,95%","2,73%","5,19%","9,55%","0,91%","0,87%","0,80%","4,39%","-1,09%","-0,15%","-0,79%","R$ 378.773.190,18","R$ 96,52","0,79","0,76%","0,65%","1,42%","3,99%",N/A,N/A,0
164,XPCI11,Outros,"R$ 92,73",26884.0,"R$ 1,22","1,29%","3,69%","6,97%","12,81%","1,23%","1,16%","1,07%","5,97%","-1,97%","-0,71%","2,91%","R$ 842.397.396,03","R$ 96,81","0,96","1,26%","-0,54%","0,71%","7,94%",N/A,N/A,0
165,SARE11,Híbrido,"R$ 68,06",14628.0,"R$ 0,62","0,84%","2,52%","5,20%","9,75%","0,84%","0,87%","0,81%","4,28%","-3,77%","-2,97%","6,89%","R$ 911.210.974,25","R$ 98,68","0,69","0,63%","-0,19%","0,44%","2,64%","6,20%",N/A,3
166,ABCP11,Shoppings,"R$ 70,38",844.0,"R$ 0,59","0,81%","2,37%","4,82%","9,05%","0,79%","0,80%","0,75%","3,99%","-1,45%","-0,65%","1,83%","R$ 1.120.247.855,81","R$ 91,79","0,77","0,64%","-0,04%","0,61%","3,33%","7,50%",N/A,1
167,HLOG11,Logística,"R$ 88,38",567.0,"R$ 0,65","0,75%","2,18%","4,24%","7,82%","0,73%","0,71%","0,65%","3,58%","-5,94%","-5,23%","-3,75%","R$ 472.461.986,94","R$ 111,17","0,80","0,58%","-0,73%","-0,15%","1,61%","58,00%","0,00%",3
168,HREC11,Títulos e Val. Mob.,"R$ 96,20",6378.0,"R$ 1,30","1,33%","3,34%","6,21%","11,31%","1,11%","1,04%","0,94%","5,20%","1,45%","2,80%","7,37%","R$ 432.274.986,83","R$ 92,83","1,04","1,40%","0,16%","1,56%","6,59%",N/A,N/A,0
169,RBED11,Outros,"R$ 117,50",2217.0,"R$ 1,16","0,95%","2,79%","5,47%","10,12%","0,93%","0,91%","0,84%","4,65%","-0,88%","0,07%","6,03%","R$ 286.633.457,39","R$ 141,78","0,83","0,82%","0,04%","0,86%","4,26%","0,00%",N/A,5
170,XPLG11,Logística,"R$ 94,00",34367.0,"R$ 0,68","0,71%","2,06%","4,06%","7,75%","0,69%","0,68%","0,65%","3,43%","-2,54%","-1,85%","0,34%","R$ 3.082.675.354,63","R$ 113,75","0,83","0,60%","0,44%","1,04%","6,61%","8,80%","1,20%",13
171,RBVA11,Outros,"R$ 89,70",8613.0,"R$ 0,92","0,99%","2,85%","5,65%","10,97%","0,95%","0,94%","0,91%","4,76%","-6,48%","-5,55%","-1,48%","R$ 1.193.288.764,70","R$ 102,97","0,87","0,89%","0,00%","0,89%","4,42%","0,70%",N/A,72
172,HUSC11,Outros,"R$ 100,00",31.0,"R$ 0,96","1,00%","2,51%","3,83%","7,53%","0,84%","0,64%","0,63%","3,34%","4,02%","5,06%","-11,78%","R$ 113.579.867,97","R$ 142,94","0,70","0,67%","-0,02%","0,66%","2,06%",N/A,N/A,0
173,KNRI11,Híbrido,"R$ 131,09",22202.0,"R$ 0,84","0,63%","1,84%","3,68%","6,88%","0,61%","0,61%","0,57%","3,06%","-3,14%","-2,53%","3,23%","R$ 3.795.886.422,30","R$ 157,13","0,83","0,53%","-0,02%","0,52%","2,35%","2,00%","6,72%",20
174,BICR11,Títulos e Val. Mob.,"R$ 99,00",102.0,"R$ 0,91","0,92%","2,75%","4,63%","7,52%","0,92%","0,77%","0,63%","4,04%","0,49%","1,42%","8,70%","R$ 50.085.080,06","R$ 100,17","0,99","0,91%","0,87%","1,79%","4,58%",N/A,N/A,0
175,ITIT11,Títulos e Val. Mob.,"R$ 72,95",938.0,"R$ 0,54","0,75%","2,30%","4,57%","0,00%","0,77%","0,76%","0,00%","3,82%","1,74%","2,50%","3,35%","R$ 70.959.417,68","R$ 78,80","0,93","0,69%","-1,44%","-0,76%","1,38%",N/A,N/A,0
176,BTSG11,Híbrido,N/A,N/A,"R$ 0,78","0,00%","0,00%","0,00%","0,00%","0,00%","0,00%","0,00%",N/A,"0,00%","0,00%","0,00%","R$ 103.262.686,68","R$ 133,24",N/A,"0,59%","0,00%","0,59%","2,98%",N/A,N/A,0
177,LUGG11,Residencial,"R$ 82,00",116.0,"R$ 0,60","0,72%","2,21%","4,11%","7,50%","0,74%","0,68%","0,62%","3,46%","4,30%","5,05%","-0,47%","R$ 112.508.527,31","R$ 125,01","0,66","0,48%","0,00%","0,47%","2,39%","2,40%",N/A,4
178,HGLG11,Logística,"R$ 162,31",35761.0,"R$ 1,10","0,67%","2,01%","4,34%","8,99%","0,67%","0,72%","0,75%","3,32%","0,66%","1,33%","0,30%","R$ 3.501.807.619,41","R$ 149,29","1,09","0,74%","0,47%","1,21%","4,38%","6,90%","6,50%",17
179,RBCO11,Lajes Corporativas,"R$ 39,50",2834.0,"R$ 0,35","0,94%","2,50%","4,57%","9,06%","0,83%","0,76%","0,75%","3,84%","-11,62%","-10,79%","-30,66%","R$ 321.898.927,30","R$ 85,18","0,46","0,41%","0,11%","0,52%","-13,61%","46,00%","50,00%",4
180,HGRU11,Híbrido,"R$ 116,92",34670.0,"R$ 0,82","0,69%","2,14%","4,11%","8,05%","0,71%","0,69%","0,67%","3,47%","2,51%","3,22%","6,77%","R$ 2.191.214.311,59","R$ 119,05","0,98","0,69%","0,17%","0,86%","3,66%","0,00%","0,00%",17
181,CBOP11,Lajes Corporativas,"R$ 61,15",136.0,"R$ 0,49","0,78%","2,37%","7,98%","12,36%","0,79%","1,33%","1,03%","3,85%","-0,62%","0,16%","-10,20%","R$ 110.193.615,85","R$ 77,88","0,79","0,63%","-12,81%","-12,26%","-11,52%","33,59%","30,79%",1
182,HGCR11,Títulos e Val. Mob.,"R$ 104,00",17219.0,"R$ 1,15","1,08%","3,12%","6,28%","11,76%","1,04%","1,05%","0,98%","5,10%","0,21%","1,29%","5,77%","R$ 1.504.251.061,11","R$ 102,56","1,01","1,12%","0,04%","1,16%","6,42%",N/A,N/A,0
183,BBGO11,Títulos e Val. Mob.,"R$ 85,25",49.0,"R$ 0,62","0,72%","1,91%","0,00%","0,00%","0,64%","0,00%","0,00%","2,37%","-2,82%","-2,12%","0,83%","R$ 396.091.486,15","R$ 98,90","0,86","0,63%","0,44%","1,07%","4,66%",N/A,N/A,0
184,MFAI11,Híbrido,"R$ 64,50",428.0,"R$ 0,56","0,77%","3,22%","7,07%","11,72%","1,07%","1,18%","0,98%","5,63%","-13,17%","-12,50%","2,25%","R$ 23.120.336,18","R$ 75,22","0,86","0,74%","-2,50%","-1,78%","-4,44%",N/A,N/A,0
185,VGHF11,Títulos e Val. Mob.,"R$ 9,99",270243.0,"R$ 0,14","1,43%","4,07%","8,98%","17,01%","1,36%","1,50%","1,42%","7,18%","-3,35%","-1,97%","2,38%","R$ 608.979.159,27","R$ 9,36","1,07","1,50%","-0,48%","1,01%","6,47%",N/A,N/A,0
186,QAGR11,Outros,"R$ 47,07",13931.0,"R$ 0,40","0,84%","2,44%","4,74%","9,23%","0,81%","0,79%","0,77%","3,21%","0,55%","1,39%","-1,48%","R$ 300.831.716,41","R$ 59,69","0,79","0,65%","-0,03%","0,62%","1,87%",N/A,N/A,12
187,RBLG11,Logística,"R$ 86,95",10.0,"R$ 0,80","0,92%","2,73%","5,45%","9,72%","0,91%","0,91%","0,81%","3,65%","-0,34%","0,57%","3,50%","R$ 66.897.594,99","R$ 104,50","0,83","0,77%","1,72%","2,50%","3,30%","0,00%",N/A,1
188,CRFF11,Títulos e Val. Mob.,"R$ 66,79",41.0,"R$ 0,59","0,90%","2,54%","4,79%","8,16%","0,85%","0,80%","0,68%","4,04%","0,61%","1,51%","-1,27%","R$ 59.827.386,69","R$ 86,70","0,77","0,68%","-0,61%","0,06%","4,39%",N/A,N/A,0
189,CXRI11,Híbrido,"R$ 62,93",194.0,"R$ 0,55","0,86%","2,47%","4,80%","8,37%","0,82%","0,80%","0,70%","4,00%","-0,17%","0,69%","-3,72%","R$ 132.926.744,20","R$ 84,36","0,75","0,65%","-1,18%","-0,53%","2,62%",N/A,N/A,0
190,GGRC11,Logística,"R$ 107,75",7115.0,"R$ 0,93","0,85%","2,49%","4,77%","9,05%","0,83%","0,80%","0,75%","4,05%","-0,46%","0,38%","-2,35%","R$ 1.012.027.467,97","R$ 130,44","0,83","0,71%","-0,06%","0,65%","2,17%","0,00%","0,00%",15
191,BREV11,Híbrido,"R$ 94,00",1.0,"R$ 0,54","0,57%","1,76%","3,48%","6,75%","0,59%","0,58%","0,56%","2,92%","-1,47%","-0,90%","1,35%","R$ 106.285.979,32","R$ 109,89","0,86","0,49%","0,03%","0,53%","2,61%","0,00%",N/A,12
192,FLMA11,Híbrido,"R$ 116,53",358.0,"R$ 0,80","0,68%","1,99%","3,85%","6,30%","0,66%","0,64%","0,53%","3,18%","-1,20%","-0,52%","2,26%","R$ 216.770.187,37","R$ 157,00","0,74","0,51%","0,05%","0,56%","2,64%","11,00%",N/A,2
193,SCPF11,Shoppings,"R$ 5,14",446.0,"R$ 0,01","0,23%","0,60%","1,78%","2,90%","0,20%","0,30%","0,24%","1,39%","-6,69%","-6,47%","-25,26%","R$ 52.451.827,63","R$ 12,49","0,41","0,11%","0,12%","0,23%","0,77%","29,30%",N/A,1
194,FATN11,Híbrido,"R$ 97,89",183.0,"R$ 0,83","0,85%","2,49%","4,83%","8,97%","0,83%","0,80%","0,75%","4,03%","-1,36%","-0,52%","-0,49%","R$ 99.158.182,73","R$ 100,72","0,97","0,79%","0,07%","0,87%","1,87%","4,30%",N/A,7
195,BIME11,,"R$ 9,51",3480.0,"R$ 0,15","1,54%","4,29%","7,54%","0,00%","1,43%","1,26%","0,00%","6,48%","1,14%","2,69%","7,53%","R$ 55.313.386,31","R$ 9,46","1,01","1,59%","-0,49%","1,09%","4,17%",N/A,N/A,0
196,BLMR11,Títulos e Val. Mob.,"R$ 7,10",109744.0,"R$ 0,08","1,01%","3,05%","6,03%","11,12%","1,02%","1,01%","0,93%","4,99%","-0,13%","0,87%","-2,28%","R$ 211.636.911,87","R$ 8,29","0,86","0,91%","-1,13%","-0,23%","2,35%",N/A,N/A,0
197,MAXR11,Outros,"R$ 77,88",228.0,"R$ 0,65","0,79%","2,55%","4,55%","9,91%","0,85%","0,76%","0,83%","2,91%","3,32%","4,14%","3,37%","R$ 135.414.523,06","R$ 120,30","0,65","0,67%","0,08%","0,75%","1,52%","2,80%",N/A,8
198,JRDM11,Shoppings,"R$ 77,21",737.0,"R$ 0,36","0,47%","1,72%","4,29%","6,83%","0,57%","0,71%","0,57%","2,26%","0,63%","1,10%","5,14%","R$ 220.883.480,71","R$ 87,55","0,88",N/A,N/A,N/A,N/A,"2,77%",N/A,1
199,BRCR11,Híbrido,"R$ 62,78",29908.0,"R$ 0,47","0,70%","2,14%","4,29%","8,13%","0,71%","0,71%","0,68%","2,87%","-1,18%","-0,49%","1,70%","R$ 2.792.344.880,24","R$ 104,82","0,60","0,48%","-0,61%","-0,13%","0,34%","21,00%","25,80%",15
200,NCHB11,Títulos e Val. Mob.,"R$ 95,41",4320.0,"R$ 1,54","1,57%","3,07%","6,87%","13,12%","1,02%","1,15%","1,09%","5,87%","0,00%","1,57%","5,43%","R$ 138.440.850,85","R$ 95,28","1,00","1,47%","0,45%","1,93%","3,33%",N/A,N/A,0
201,GCRA11,Híbrido,"R$ 102,50",4833.0,"R$ 1,58","1,52%","4,40%","0,00%","0,00%","1,47%","0,00%","0,00%","5,47%","-1,92%","-0,42%","5,51%","R$ 71.254.839,01","R$ 98,61","1,04","1,60%","0,02%","1,62%","6,40%",N/A,N/A,0
202,VSLH11,Outros,"R$ 9,20",85137.0,"R$ 0,12","1,29%","3,68%","7,29%","15,01%","1,23%","1,22%","1,25%","6,07%","-0,64%","0,64%","1,20%","R$ 309.775.483,06","R$ 10,37","0,89","1,16%","2,16%","3,34%","10,96%",N/A,N/A,0
203,TORD11,Outros,"R$ 8,77",44991.0,"R$ 0,07","0,75%","2,70%","5,22%","11,13%","0,90%","0,87%","0,93%","4,39%","0,97%","1,73%","1,33%","R$ 500.070.556,28","R$ 14,27","0,61","0,49%","7,23%","7,75%","9,09%",N/A,N/A,0
204,SEQR11,Outros,"R$ 64,50",4376.0,"R$ 0,63","1,00%","2,87%","5,47%","10,48%","0,96%","0,91%","0,87%","4,64%","-3,05%","-2,08%","-8,62%","R$ 154.636.386,60","R$ 96,13","0,67","0,65%","-0,05%","0,60%","3,38%","0,00%",N/A,0
205,FAED11,Outros,"R$ 139,70",1903.0,"R$ 1,54","1,05%","3,20%","5,80%","10,43%","1,07%","0,97%","0,87%","4,97%","1,48%","2,54%","6,76%","R$ 138.823.482,78","R$ 216,18","0,65","0,71%","-0,01%","0,70%","1,30%","0,00%",N/A,3
206,CEOC11,Lajes Corporativas,"R$ 60,00",1427.0,"R$ 0,49","0,81%","2,39%","4,82%","9,24%","0,80%","0,80%","0,77%","4,09%","-1,50%","-0,70%","10,74%","R$ 164.007.871,01","R$ 90,33","0,66","0,55%","-0,15%","0,40%","0,92%","0,00%",N/A,1
207,BTCR11,Títulos e Val. Mob.,"R$ 96,86",4789.0,"R$ 1,25","1,29%","3,90%","7,22%","12,25%","1,30%","1,20%","1,02%","6,24%","0,08%","1,38%","11,46%","R$ 464.617.244,40","R$ 96,59","1,00","1,29%","0,77%","2,07%","1,73%",N/A,N/A,0
208,FEXC11,Títulos e Val. Mob.,"R$ 87,00",33423.0,"R$ 1,15","1,28%","3,63%","6,90%","12,11%","1,21%","1,15%","1,01%","5,85%","-1,52%","-0,26%","7,35%","R$ 570.742.091,11","R$ 93,51","0,93","1,23%","-0,17%","1,06%","4,78%",N/A,N/A,0
209,MGFF11,Títulos e Val. Mob.,"R$ 59,44",17424.0,"R$ 0,60","0,95%","2,86%","5,47%","9,91%","0,95%","0,91%","0,83%","4,62%","1,25%","2,21%","5,17%","R$ 688.916.761,45","R$ 76,12","0,78","0,72%","-2,28%","-1,58%","-0,88%",N/A,N/A,0
210,HCTR11,Outros,"R$ 112,99",58526.0,"R$ 1,77","1,54%","4,36%","8,05%","15,62%","1,45%","1,34%","1,30%","6,79%","8,47%","10,14%","-1,50%","R$ 2.671.651.053,42","R$ 120,98","0,93","1,46%","1,01%","2,49%","9,83%",N/A,N/A,0
211,BCFF11,Títulos e Val. Mob.,"R$ 63,90",27166.0,"R$ 0,54","0,85%","2,44%","4,77%","8,78%","0,81%","0,79%","0,73%","4,00%","-4,55%","-3,74%","-7,42%","R$ 1.971.239.952,12","R$ 78,27","0,82","0,69%","-0,23%","0,46%","1,15%",N/A,N/A,0
212,DEVA11,Títulos e Val. Mob.,"R$ 99,70",33796.0,"R$ 1,60","1,60%","4,34%","8,02%","15,73%","1,45%","1,34%","1,31%","6,71%","2,36%","4,00%","3,05%","R$ 1.363.604.754,65","R$ 98,06","1,02","1,63%","0,83%","2,47%","8,56%",N/A,N/A,0
213,BLMG11,Logística,"R$ 77,73",10622.0,"R$ 0,80","0,96%","2,84%","5,56%","11,11%","0,95%","0,93%","0,93%","4,59%","-2,22%","-1,28%","-7,58%","R$ 360.918.215,84","R$ 94,71","0,82","0,84%","-2,04%","-1,21%","-3,03%","0,00%","0,00%",4
214,BMLC11,Lajes Corporativas,"R$ 97,05",16.0,"R$ 0,74","0,78%","2,27%","4,61%","8,70%","0,76%","0,77%","0,73%","3,57%","3,37%","4,18%","8,24%","R$ 109.078.796,98","R$ 109,25","0,89","0,58%","-0,01%","0,57%","1,08%","7,00%",N/A,2
215,RBRP11,Outros,"R$ 58,08",20416.0,"R$ 0,45","0,71%","2,20%","4,14%","7,55%","0,73%","0,69%","0,63%","3,49%","0,81%","1,53%","-6,64%","R$ 1.000.575.637,38","R$ 82,15","0,71","0,55%","-0,35%","0,20%","1,22%","13,00%","6,00%",17
216,RECR11,Títulos e Val. Mob.,"R$ 99,60",68289.0,"R$ 1,72","1,69%","4,53%","8,19%","14,76%","1,51%","1,36%","1,23%","6,75%","1,98%","3,70%","6,10%","R$ 2.310.672.803,11","R$ 95,25","1,05","1,81%","-0,05%","1,76%","7,19%",N/A,N/A,0
217,GTLG11,,"R$ 99,96",20013.0,"R$ 0,70","0,70%","2,10%","4,21%","0,00%","0,70%","0,70%","0,00%","3,51%","0,00%","0,70%","5,13%","R$ 675.663.743,88","R$ 94,20","1,06","0,74%","-1,52%","-0,79%","-0,28%",N/A,N/A,0
218,DVFF11,Híbrido,"R$ 70,64",76.0,"R$ 0,80","1,14%","3,17%","5,54%","0,00%","1,06%","0,92%","0,00%","4,81%","0,09%","1,23%","-16,45%","R$ 101.357.430,47","R$ 92,06","0,77","0,87%","-0,07%","0,79%","4,20%",N/A,N/A,0
219,ONEF11,Lajes Corporativas,"R$ 159,03",970.0,"R$ 0,92","0,58%","1,75%","3,59%","6,67%","0,58%","0,60%","0,56%","3,59%","0,47%","1,05%","20,18%","R$ 159.240.183,47","R$ 174,80","0,91","0,53%","0,01%","0,54%","2,60%","0,00%",N/A,1
220,MBRF11,Outros,"R$ 524,00",178.0,"R$ 10,00","1,82%","4,56%","8,50%","14,55%","1,52%","1,42%","1,21%","8,50%","-21,64%","-20,22%","-24,74%","R$ 113.735.279,34","R$ 1.118,74","0,47","0,89%","0,02%","0,91%","4,60%","0,00%",N/A,2
221,MGLG11,Logística,"R$ 44,29",2093.0,"R$ 0,60","1,27%","3,60%","6,53%","0,00%","1,20%","1,09%","0,00%","5,92%","-7,85%","-6,68%","-7,74%","R$ 57.395.561,83","R$ 48,19","0,92","1,25%","0,06%","1,31%","-39,40%","0,00%",N/A,3
222,RBRL11,Logística,"R$ 85,00",5516.0,"R$ 0,65","0,74%","2,21%","4,47%","9,05%","0,74%","0,74%","0,75%","3,56%","0,87%","1,62%","-0,61%","R$ 717.331.281,51","R$ 107,27","0,79","0,61%","0,68%","1,29%","3,62%","0,00%","0,00%",6
223,RECT11,Híbrido,"R$ 57,39",12383.0,"R$ 0,50","0,85%","2,41%","4,66%","8,99%","0,80%","0,78%","0,75%","3,90%","-5,45%","-4,64%","-12,35%","R$ 789.124.446,38","R$ 96,48","0,59","0,52%","-0,35%","0,17%","1,39%","15,10%",N/A,8
224,RELG11,Híbrido,"R$ 75,10",2892.0,"R$ 0,97","1,26%","3,42%","6,17%","11,67%","1,14%","1,03%","0,97%","5,17%","3,62%","4,93%","0,60%","R$ 160.923.032,64","R$ 120,58","0,62","0,80%","-0,39%","0,41%","2,40%","10,40%","10,40%",3
225,FLCR11,Títulos e Val. Mob.,"R$ 99,98",1502.0,"R$ 1,75","1,75%","4,72%","8,93%","15,24%","1,57%","1,49%","1,27%","7,21%","1,52%","3,30%","7,91%","R$ 65.942.593,31","R$ 104,08","0,96","1,68%","3,04%","4,78%","7,99%",N/A,N/A,0
226,ERPA11,,"R$ 120,00",1789.0,"R$ 0,28","0,22%","0,00%","0,00%","0,00%","0,00%","0,00%","0,00%","0,46%","-0,30%","-0,08%","0,16%","R$ 57.806.170,89","R$ 115,40","1,04","0,20%","0,24%","0,43%","0,43%",N/A,N/A,0
227,RCRB11,Lajes Corporativas,"R$ 127,25",2297.0,"R$ 0,72","0,56%","1,48%","2,76%","6,45%","0,49%","0,46%","0,54%","2,76%","2,90%","3,48%","1,86%","R$ 719.897.351,60","R$ 195,06","0,65","0,31%","0,07%","0,38%","0,65%","28,40%",N/A,10
228,BLCA11,Lajes Corporativas,"R$ 95,00",10.0,"R$ 0,51","0,51%","1,54%","2,05%","0,00%","0,51%","0,34%","0,00%","2,05%","-0,52%","-0,01%","2,58%","R$ 153.292.044,08","R$ 95,81","0,99","0,53%","-1,68%","-1,16%","-9,51%","0,00%",N/A,1
229,CPFF11,Híbrido,"R$ 68,58",21731.0,"R$ 0,62","0,88%","2,57%","5,32%","10,45%","0,86%","0,89%","0,87%","4,45%","-1,14%","-0,27%","2,46%","R$ 421.166.070,61","R$ 77,28","0,89","0,78%","-0,84%","-0,07%","0,84%",N/A,N/A,0
230,RVBI11,Títulos e Val. Mob.,"R$ 74,10",2311.0,"R$ 0,75","0,98%","2,89%","5,66%","10,88%","0,96%","0,94%","0,91%","4,76%","-0,84%","0,13%","-0,90%","R$ 126.004.830,90","R$ 87,50","0,85","0,86%","0,00%","0,86%","4,10%",N/A,N/A,0
231,GAME11,Híbrido,"R$ 10,05",15367.0,"R$ 0,15","1,49%","4,13%","7,33%","0,00%","1,38%","1,22%","0,00%","6,29%","-0,69%","0,79%","-1,98%","R$ 203.773.668,14","R$ 9,89","1,02","1,52%","0,12%","1,64%","-98,91%",N/A,N/A,0
232,IBCR11,Títulos e Val. Mob.,"R$ 92,25",670.0,"R$ 1,32","1,39%","4,14%","8,78%","0,00%","1,38%","1,46%","0,00%","7,23%","-3,06%","-1,71%","5,29%","R$ 78.895.736,60","R$ 98,26","0,94","1,24%","0,48%","1,72%","6,62%",N/A,N/A,0
233,RBRY11,Títulos e Val. Mob.,"R$ 100,45",8854.0,"R$ 1,25","1,22%","3,64%","7,09%","12,58%","1,21%","1,18%","1,05%","5,82%","-2,05%","-0,86%","1,56%","R$ 401.515.245,72","R$ 102,43","0,98","1,22%","-0,88%","0,33%","2,29%",N/A,N/A,0
234,RBRF11,Títulos e Val. Mob.,"R$ 67,77",56445.0,"R$ 0,60","0,83%","2,46%","4,94%","9,65%","0,82%","0,82%","0,80%","4,13%","1,24%","2,08%","4,29%","R$ 1.149.405.774,49","R$ 84,02","0,81","0,71%","-1,84%","-1,14%","-0,44%",N/A,N/A,0
235,RBRR11,Títulos e Val. Mob.,"R$ 100,80",46870.0,"R$ 1,20","1,19%","3,52%","6,74%","12,07%","1,17%","1,12%","1,01%","5,66%","-2,56%","-1,40%","3,58%","R$ 1.046.711.585,04","R$ 96,56","1,04","1,24%","-2,21%","-0,99%","1,34%",N/A,N/A,0
236,IRDM11,Títulos e Val. Mob.,"R$ 101,91",82348.0,"R$ 1,35","1,28%","3,53%","6,97%","12,95%","1,18%","1,16%","1,08%","5,65%","-0,28%","0,99%","1,64%","R$ 3.202.717.504,66","R$ 96,92","1,05","1,22%","-0,19%","1,03%","2,16%",N/A,N/A,0
237,IBFF11,Títulos e Val. Mob.,"R$ 61,05",2036.0,"R$ 0,50","0,80%","2,51%","5,05%","9,84%","0,84%","0,84%","0,82%","4,22%","6,39%","7,25%","9,72%","R$ 48.361.846,89","R$ 72,54","0,84","0,69%","-1,95%","-1,28%","-0,61%",N/A,N/A,0
238,IRIM11,Híbrido,"R$ 102,32",2176.0,"R$ 1,45","1,40%","3,79%","8,04%","0,00%","1,26%","1,34%","0,00%","6,72%","-5,23%","-3,91%","0,30%","R$ 130.503.385,72","R$ 100,39","1,02","1,14%","-0,40%","0,73%","2,13%",N/A,N/A,0
239,CVBI11,Títulos e Val. Mob.,"R$ 98,84",49534.0,"R$ 1,50","1,48%","4,04%","7,34%","13,51%","1,35%","1,22%","1,13%","6,24%","0,21%","1,69%","5,91%","R$ 1.052.112.121,61","R$ 100,05","0,99","1,50%","0,22%","1,72%","6,64%",N/A,N/A,0
240,VGIP11,Outros,"R$ 98,70",31207.0,"R$ 1,75","1,75%","4,64%","8,70%","15,87%","1,55%","1,45%","1,32%","7,10%","0,81%","2,57%","6,59%","R$ 1.095.538.563,59","R$ 92,91","1,06","1,88%","-0,69%","1,18%","5,09%",N/A,N/A,0
241,VGIA11,Títulos e Val. Mob.,"R$ 9,99",281790.0,"R$ 0,15","1,35%","4,14%","0,00%","0,00%","1,38%","0,00%","0,00%","6,70%","3,53%","4,93%","12,33%","R$ 95.747.517,22","R$ 9,51","1,05","1,58%","0,07%","1,65%","3,04%",N/A,N/A,0
242,VGIR11,Títulos e Val. Mob.,"R$ 97,93",28398.0,"R$ 1,30","1,31%","3,69%","6,88%","11,17%","1,23%","1,15%","0,93%","5,96%","-0,97%","0,33%","3,37%","R$ 729.972.953,61","R$ 96,42","1,02","1,35%","-0,19%","1,15%","4,42%",N/A,N/A,0
243,MGHT11,Hotel,"R$ 70,91",574.0,"R$ 0,80","1,20%","3,18%","5,92%","10,37%","1,06%","0,99%","0,86%","5,03%","-15,97%","-14,96%","-20,63%","R$ 129.777.732,57","R$ 98,78","0,72","0,81%","0,18%","0,99%","1,81%",N/A,N/A,0
244,MCHF11,Títulos e Val. Mob.,"R$ 9,37",132195.0,"R$ 0,11","1,15%","3,35%","6,70%","0,00%","1,12%","1,12%","0,00%","5,51%","-3,52%","-2,42%","-0,20%","R$ 315.930.781,84","R$ 9,78","0,96","1,12%","-4,38%","-3,30%","-2,26%",N/A,N/A,0
245,TRNT11,Lajes Corporativas,"R$ 112,07",94.0,"R$ 0,40","0,34%","1,10%","2,35%","4,27%","0,37%","0,39%","0,36%","1,80%","8,35%","8,72%","10,47%","R$ 796.806.635,95","R$ 202,46","0,55","0,19%","0,01%","0,20%","0,39%","49,90%",N/A,1
246,MCCI11,Títulos e Val. Mob.,"R$ 98,05",31481.0,"R$ 1,10","1,12%","3,11%","6,06%","11,95%","1,04%","1,01%","1,00%","5,09%","-1,59%","-0,49%","2,11%","R$ 1.210.958.902,24","R$ 97,52","1,01","1,03%","0,73%","1,76%","2,81%",N/A,N/A,0
247,CPTS11,Títulos e Val. Mob.,"R$ 90,60",84932.0,"R$ 1,12","1,19%","3,49%","6,89%","12,95%","1,16%","1,15%","1,08%","5,76%","0,35%","1,54%","2,61%","R$ 2.612.266.966,14","R$ 93,39","0,97","1,18%","-0,58%","0,59%","1,77%",N/A,N/A,0
248,BRLA11,Híbrido,"R$ 150,00",20300.0,"R$ 1,06","0,70%","2,17%","4,19%","5,50%","0,72%","0,70%","0,46%","3,49%","3,45%","4,18%","3,54%","R$ 285.260.278,84","R$ 159,29","0,94","0,66%","-0,38%","0,28%","0,89%",N/A,N/A,0
249,GCFF11,Títulos e Val. Mob.,"R$ 70,58",613.0,"R$ 0,77","1,04%","3,09%","6,07%","11,25%","1,03%","1,01%","0,94%","5,03%","1,23%","2,28%","-3,36%","R$ 30.096.700,62","R$ 88,89","0,79","0,88%","-2,44%","-1,58%","-0,77%",N/A,N/A,0
250,GCRI11,Títulos e Val. Mob.,"R$ 97,70",1919.0,"R$ 1,55","1,56%","4,55%","8,58%","14,82%","1,52%","1,43%","1,24%","7,19%","-0,39%","1,16%","8,48%","R$ 98.377.736,44","R$ 98,35","0,99","1,50%","-1,03%","0,46%","1,67%",N/A,N/A,0
251,MORE11,Títulos e Val. Mob.,"R$ 65,15",2687.0,"R$ 0,70","1,05%","3,06%","5,83%","10,80%","1,02%","0,97%","0,90%","4,92%","-1,31%","-0,28%","-7,97%","R$ 202.952.841,10","R$ 87,51","0,74","0,80%","-2,21%","-1,43%","-0,66%",N/A,N/A,0
252,BLCP11,Outros,"R$ 85,85",6.0,"R$ 0,50","0,57%","1,75%","3,62%","6,70%","0,58%","0,60%","0,56%","3,00%","1,49%","2,07%","12,41%","R$ 225.875.176,13","R$ 98,37","0,87","0,52%","-0,01%","0,51%","1,03%","6,20%",N/A,2
253,NAVT11,Títulos e Val. Mob.,"R$ 73,47",1870.0,"R$ 0,85","1,14%","3,44%","6,31%","10,78%","1,15%","1,05%","0,90%","5,51%","1,84%","3,00%","7,93%","R$ 95.026.051,40","R$ 90,11","0,82","0,94%","-0,93%","0,00%","0,82%",N/A,N/A,0
254,MGCR11,Títulos e Val. Mob.,"R$ 84,51",1146.0,"R$ 1,15","1,32%","3,80%","7,23%","12,79%","1,27%","1,20%","1,07%","6,09%","-0,88%","0,43%","4,88%","R$ 135.199.801,61","R$ 95,06","0,89","1,05%","-0,02%","1,04%","2,10%",N/A,N/A,0
255,RECX11,Outros,"R$ 76,83",41.0,"R$ 1,00","1,23%","2,97%","6,31%","12,01%","0,99%","1,05%","1,00%","5,18%","1,72%","2,97%","-9,99%","R$ 18.909.897,31","R$ 86,62","0,89","0,92%","-1,55%","-0,64%","0,48%",N/A,N/A,0
256,AFHI11,Títulos e Val. Mob.,"R$ 99,01",6054.0,"R$ 1,40","1,37%","4,03%","7,86%","14,40%","1,34%","1,31%","1,20%","6,58%","2,95%","4,36%","6,95%","R$ 173.824.946,40","R$ 97,24","1,02","1,39%","0,44%","1,83%","3,20%",N/A,N/A,0
257,OUFF11,Títulos e Val. Mob.,"R$ 63,90",8360.0,"R$ 0,75","1,15%","3,28%","6,30%","11,68%","1,09%","1,05%","0,97%","5,36%","0,63%","1,78%","5,49%","R$ 143.370.322,13","R$ 79,02","0,81","0,95%","-0,77%","0,18%","3,67%",N/A,N/A,0
258,OURE11,Títulos e Val. Mob.,"R$ 79,01",1284.0,"R$ 1,10","1,37%","3,66%","6,83%","13,45%","1,22%","1,14%","1,12%","5,50%","0,48%","1,85%","-1,83%","R$ 99.331.744,57","R$ 92,22","0,86","1,19%","-0,42%","0,76%","4,71%",N/A,N/A,0
259,ARCT11,Híbrido,"R$ 107,28",38873.0,"R$ 1,86","1,71%","5,15%","9,60%","16,40%","1,72%","1,60%","1,37%","8,03%","2,79%","4,55%","7,79%","R$ 288.419.391,70","R$ 100,20","1,07","1,64%","0,23%","1,87%","3,40%",N/A,N/A,4
260,RZAK11,Títulos e Val. Mob.,"R$ 96,81",16632.0,"R$ 1,80","1,84%","4,88%","9,04%","14,86%","1,63%","1,51%","1,24%","7,64%","-0,50%","1,33%","10,94%","R$ 282.821.145,09","R$ 94,22","1,03","1,27%","0,35%","1,63%","3,03%",N/A,N/A,0
261,BLMC11,Outros,"R$ 88,05",2052.0,"R$ 1,25","1,36%","3,78%","7,14%","12,99%","1,26%","1,19%","1,08%","6,02%","-4,16%","-2,85%","-0,55%","R$ 39.216.529,56","R$ 98,16","0,90","1,17%","1,29%","2,48%","0,96%",N/A,N/A,0
262,CORM11,Híbrido,"R$ 86,23",19.0,"R$ 0,81","0,94%","2,68%","5,43%","11,56%","0,89%","0,90%","0,96%","4,38%","-6,72%","-5,84%","-5,63%","R$ 92.123.992,72","R$ 90,56","0,95","0,89%","-2,33%","-1,45%","0,21%",N/A,N/A,0
263,AFOF11,Títulos e Val. Mob.,"R$ 88,40",362.0,"R$ 1,08","1,19%","3,53%","6,65%","0,00%","1,18%","1,11%","0,00%","5,67%","2,14%","3,35%","6,84%","R$ 69.242.339,50","R$ 100,18","0,88","1,08%","-2,09%","-1,04%","4,47%",N/A,N/A,0
264,MATV11,Títulos e Val. Mob.,"R$ 99,50",54.0,"R$ 1,40","1,46%","3,92%","7,58%","0,00%","1,31%","1,26%","0,00%","6,37%","-0,92%","0,53%","4,37%","R$ 33.257.502,10","R$ 95,77","1,04","1,36%","-1,92%","-0,59%","0,53%",N/A,N/A,0
265,SNCI11,Títulos e Val. Mob.,"R$ 102,02",17703.0,"R$ 1,40","1,34%","3,95%","7,79%","0,00%","1,32%","1,30%","0,00%","6,64%","0,77%","2,13%","6,67%","R$ 252.128.060,08","R$ 100,85","1,01","1,29%","1,92%","3,24%","5,89%",N/A,N/A,0
266,SNFF11,Títulos e Val. Mob.,"R$ 88,79",4382.0,"R$ 1,30","1,51%","3,02%","5,26%","9,21%","1,01%","0,88%","0,77%","4,55%","3,82%","5,39%","2,14%","R$ 228.274.891,17","R$ 91,31","0,97","0,71%","-1,06%","-0,35%","0,35%",N/A,N/A,0
267,BTLG11,Logística,"R$ 100,20",29541.0,"R$ 0,72","0,71%","2,11%","4,19%","8,22%","0,70%","0,70%","0,69%","3,51%","-0,34%","0,36%","2,94%","R$ 1.504.876.179,16","R$ 98,82","1,01","0,73%","-0,22%","0,51%","1,24%",N/A,"2,00%",16
268,MCHY11,Títulos e Val. Mob.,"R$ 108,51",17.0,"R$ 1,40","1,24%","3,74%","7,18%","0,00%","1,25%","1,20%","0,00%","6,09%","1,80%","3,06%","8,16%","R$ 375.749.035,93","R$ 104,67","1,04","1,24%","2,35%","3,62%","4,94%",N/A,N/A,0
269,XPML11,Shoppings,"R$ 95,45",26559.0,"R$ 0,68","0,70%","2,06%","4,30%","7,63%","0,69%","0,72%","0,64%","3,41%","-0,51%","0,18%","7,04%","R$ 1.892.808.419,44","R$ 101,32","0,94","0,67%","0,01%","0,68%","1,93%","3,90%",N/A,16
270,XPIN11,Outros,"R$ 74,40",7692.0,"R$ 0,61","0,80%","2,30%","4,44%","8,50%","0,77%","0,74%","0,71%","3,77%","-2,59%","-1,81%","-7,53%","R$ 777.640.109,45","R$ 108,75","0,68","0,56%","-0,84%","-0,29%","1,89%","17,30%","12,00%",5
271,FCFL11,Outros,"R$ 116,59",674.0,"R$ 0,82","0,70%","2,12%","4,31%","8,46%","0,71%","0,72%","0,70%","3,58%","-2,17%","-1,49%","5,69%","R$ 364.002.233,06","R$ 104,78","1,11","0,82%","0,02%","0,83%","1,63%","0,00%",N/A,1
272,ALZR11,Logística,"R$ 117,30",16836.0,"R$ 0,78","0,68%","2,01%","3,98%","7,43%","0,67%","0,66%","0,62%","3,33%","-0,73%","-0,06%","2,83%","R$ 642.298.148,70","R$ 108,46","1,08","0,71%","-0,05%","0,67%","1,34%","0,00%",N/A,15
273,ERCR11,Híbrido,"R$ 76.000,00",1.0,"R$ 1,17","0,00%","0,00%","0,00%","0,00%","0,00%","0,00%","0,00%",N/A,"0,00%","0,00%","0,00%","R$ 167.503.350,23","R$ 70.498,04","1,08","0,00%","0,26%","0,26%","2,05%",N/A,N/A,0
274,BPML11,Shoppings,"R$ 63,99",190.0,"R$ 0,15","0,23%","0,95%","2,59%","0,00%","0,32%","0,43%","0,00%","1,49%","-7,36%","-7,14%","1,82%","R$ 577.298.899,56","R$ 134,10","0,48",N/A,N/A,N/A,N/A,"5,80%",N/A,7
275,FLRP11,Shoppings,"R$ 1.400,00",30.0,"R$ 11,00","0,85%","2,39%","4,57%","7,32%","0,80%","0,76%","0,61%","3,88%","0,00%","0,85%","12,60%","R$ 112.155.668,94","R$ 1.719,34","0,81","0,64%","-0,05%","0,59%","2,22%","2,01%",N/A,1
276,BTAL11,Outros,"R$ 94,50",10018.0,"R$ 0,83","0,84%","2,52%","5,07%","9,81%","0,84%","0,84%","0,82%","4,20%","1,77%","2,62%","9,64%","R$ 620.294.632,17","R$ 103,68","0,91","0,80%","0,51%","1,32%","2,10%",N/A,N/A,7
277,MORC11,Títulos e Val. Mob.,"R$ 98,01",3021.0,"R$ 1,50","1,50%","4,44%","8,29%","0,00%","1,48%","1,38%","0,00%","7,04%","-2,25%","-0,77%","6,94%","R$ 78.429.486,55","R$ 100,56","0,97","1,49%","-0,28%","1,21%","2,33%",N/A,N/A,0
278,CCRF11,Títulos e Val. Mob.,"R$ 99,60",4.0,"R$ 0,74","0,74%","3,21%","6,92%","0,00%","1,07%","1,15%","0,00%","5,62%","-0,10%","0,64%","5,74%","R$ 159.364.709,06","R$ 101,38","0,98","1,18%","1,36%","2,56%","4,87%",N/A,N/A,0
279,EQIR11,Títulos e Val. Mob.,"R$ 94,55",19.0,"R$ 1,10","1,13%","3,34%","0,00%","0,00%","1,11%","0,00%","0,00%","5,49%","-2,65%","-1,55%","4,54%","R$ 51.240.359,56","R$ 101,97","0,93","1,08%","0,33%","1,41%","2,46%",N/A,N/A,0
280,CNES11,Lajes Corporativas,"R$ 33,06",341.0,"R$ 0,09","0,27%","0,74%","1,74%","3,59%","0,25%","0,29%","0,30%","1,32%","0,29%","0,56%","4,86%","R$ 255.318.975,59","R$ 86,57","0,38","0,08%","-0,03%","0,05%","0,20%","56,70%",N/A,1
281,BTRA11,Outros,"R$ 84,97",9325.0,"R$ 0,70","0,85%","2,69%","5,48%","0,00%","0,90%","0,91%","0,00%","4,51%","-19,34%","-18,66%","-12,21%","R$ 347.612.245,52","R$ 103,32","0,82","0,91%","0,00%","0,91%","2,67%",N/A,N/A,0
282,EDGA11,Lajes Corporativas,"R$ 17,80",1724.0,"R$ 0,16","0,89%","2,49%","4,14%","7,16%","0,83%","0,69%","0,60%","3,76%","-6,88%","-6,05%","-14,31%","R$ 252.351.519,37","R$ 66,20","0,27","0,26%","-0,06%","0,20%","0,36%","48,81%",N/A,1
